-- ThinkCMF SQL Dump Program
-- 
-- DATE : 2016-06-27 16:25:10
-- Vol : 1
DROP TABLE IF EXISTS `yxt_ad`;
CREATE TABLE `yxt_ad` (
  `ad_id` bigint(20) NOT NULL AUTO_INCREMENT COMMENT '广告id',
  `ad_name` varchar(255) NOT NULL,
  `ad_content` text,
  `status` int(2) NOT NULL DEFAULT '1' COMMENT '状态，1显示，0不显示',
  PRIMARY KEY (`ad_id`),
  KEY `ad_name` (`ad_name`)
) COLLATE='utf8_general_ci' ENGINE=MyISAM;
DROP TABLE IF EXISTS `yxt_asset`;
CREATE TABLE `yxt_asset` (
  `aid` bigint(20) NOT NULL AUTO_INCREMENT,
  `key` varchar(50) NOT NULL,
  `filename` varchar(50) DEFAULT NULL,
  `filesize` int(11) DEFAULT NULL,
  `filepath` varchar(200) NOT NULL,
  `uploadtime` int(11) NOT NULL,
  `status` int(2) NOT NULL DEFAULT '1',
  `meta` text,
  `suffix` varchar(50) DEFAULT NULL,
  `download_times` int(6) NOT NULL,
  PRIMARY KEY (`aid`)
) COLLATE='utf8_general_ci' ENGINE=MyISAM;
DROP TABLE IF EXISTS `yxt_auth_access`;
CREATE TABLE `yxt_auth_access` (
  `role_id` mediumint(8) unsigned NOT NULL COMMENT '角色',
  `rule_name` varchar(255) NOT NULL COMMENT '规则唯一英文标识,全小写',
  `type` varchar(30) DEFAULT NULL COMMENT '权限规则分类，请加应用前缀,如admin_',
  KEY `role_id` (`role_id`),
  KEY `rule_name` (`rule_name`) USING BTREE
) COLLATE='utf8_general_ci' ENGINE=MyISAM;
INSERT INTO yxt_auth_access ( `role_id`, `rule_name`, `type` ) VALUES  ('2','course/adminsection/index','admin_url');
INSERT INTO yxt_auth_access ( `role_id`, `rule_name`, `type` ) VALUES  ('2','course/admincourse/index','admin_url');
INSERT INTO yxt_auth_access ( `role_id`, `rule_name`, `type` ) VALUES  ('2','course/admincoursetype/index','admin_url');
INSERT INTO yxt_auth_access ( `role_id`, `rule_name`, `type` ) VALUES  ('2','admin/course/index','admin_url');
INSERT INTO yxt_auth_access ( `role_id`, `rule_name`, `type` ) VALUES  ('2','admin/setting/clearcache','admin_url');
INSERT INTO yxt_auth_access ( `role_id`, `rule_name`, `type` ) VALUES  ('2','admin/mailer/active_post','admin_url');
INSERT INTO yxt_auth_access ( `role_id`, `rule_name`, `type` ) VALUES  ('2','admin/mailer/active','admin_url');
INSERT INTO yxt_auth_access ( `role_id`, `rule_name`, `type` ) VALUES  ('2','admin/mailer/index_post','admin_url');
INSERT INTO yxt_auth_access ( `role_id`, `rule_name`, `type` ) VALUES  ('2','admin/mailer/index','admin_url');
INSERT INTO yxt_auth_access ( `role_id`, `rule_name`, `type` ) VALUES  ('2','admin/mailer/default','admin_url');
INSERT INTO yxt_auth_access ( `role_id`, `rule_name`, `type` ) VALUES  ('2','admin/route/listorders','admin_url');
INSERT INTO yxt_auth_access ( `role_id`, `rule_name`, `type` ) VALUES  ('2','admin/route/open','admin_url');
INSERT INTO yxt_auth_access ( `role_id`, `rule_name`, `type` ) VALUES  ('2','admin/route/ban','admin_url');
INSERT INTO yxt_auth_access ( `role_id`, `rule_name`, `type` ) VALUES  ('2','admin/route/delete','admin_url');
INSERT INTO yxt_auth_access ( `role_id`, `rule_name`, `type` ) VALUES  ('2','admin/route/edit_post','admin_url');
INSERT INTO yxt_auth_access ( `role_id`, `rule_name`, `type` ) VALUES  ('2','admin/route/edit','admin_url');
INSERT INTO yxt_auth_access ( `role_id`, `rule_name`, `type` ) VALUES  ('2','admin/route/add_post','admin_url');
INSERT INTO yxt_auth_access ( `role_id`, `rule_name`, `type` ) VALUES  ('2','admin/route/add','admin_url');
INSERT INTO yxt_auth_access ( `role_id`, `rule_name`, `type` ) VALUES  ('2','admin/route/index','admin_url');
INSERT INTO yxt_auth_access ( `role_id`, `rule_name`, `type` ) VALUES  ('2','admin/setting/site_post','admin_url');
INSERT INTO yxt_auth_access ( `role_id`, `rule_name`, `type` ) VALUES  ('2','admin/setting/site','admin_url');
INSERT INTO yxt_auth_access ( `role_id`, `rule_name`, `type` ) VALUES  ('2','admin/setting/password_post','admin_url');
INSERT INTO yxt_auth_access ( `role_id`, `rule_name`, `type` ) VALUES  ('2','admin/setting/password','admin_url');
INSERT INTO yxt_auth_access ( `role_id`, `rule_name`, `type` ) VALUES  ('2','admin/user/userinfo_post','admin_url');
INSERT INTO yxt_auth_access ( `role_id`, `rule_name`, `type` ) VALUES  ('2','admin/user/userinfo','admin_url');
INSERT INTO yxt_auth_access ( `role_id`, `rule_name`, `type` ) VALUES  ('2','admin/setting/userdefault','admin_url');
INSERT INTO yxt_auth_access ( `role_id`, `rule_name`, `type` ) VALUES  ('2','admin/setting/default','admin_url');
DROP TABLE IF EXISTS `yxt_auth_rule`;
CREATE TABLE `yxt_auth_rule` (
  `id` mediumint(8) unsigned NOT NULL AUTO_INCREMENT COMMENT '规则id,自增主键',
  `module` varchar(20) NOT NULL COMMENT '规则所属module',
  `type` varchar(30) NOT NULL DEFAULT '1' COMMENT '权限规则分类，请加应用前缀,如admin_',
  `name` varchar(255) NOT NULL DEFAULT '' COMMENT '规则唯一英文标识,全小写',
  `param` varchar(255) DEFAULT NULL COMMENT '额外url参数',
  `title` varchar(20) NOT NULL DEFAULT '' COMMENT '规则中文描述',
  `status` tinyint(1) NOT NULL DEFAULT '1' COMMENT '是否有效(0:无效,1:有效)',
  `condition` varchar(300) NOT NULL DEFAULT '' COMMENT '规则附加条件',
  PRIMARY KEY (`id`),
  KEY `module` (`module`,`status`,`type`)
) COLLATE='utf8_general_ci' ENGINE=MyISAM;
INSERT INTO yxt_auth_rule ( `id`, `module`, `type`, `name`, `param`, `title`, `status`, `condition` ) VALUES  ('1','Admin','admin_url','admin/content/default','','内容管理','1','');
INSERT INTO yxt_auth_rule ( `id`, `module`, `type`, `name`, `param`, `title`, `status`, `condition` ) VALUES  ('2','Api','admin_url','api/guestbookadmin/index','','所有留言','1','');
INSERT INTO yxt_auth_rule ( `id`, `module`, `type`, `name`, `param`, `title`, `status`, `condition` ) VALUES  ('3','Api','admin_url','api/guestbookadmin/delete','','删除网站留言','1','');
INSERT INTO yxt_auth_rule ( `id`, `module`, `type`, `name`, `param`, `title`, `status`, `condition` ) VALUES  ('4','Comment','admin_url','comment/commentadmin/index','','评论管理','1','');
INSERT INTO yxt_auth_rule ( `id`, `module`, `type`, `name`, `param`, `title`, `status`, `condition` ) VALUES  ('5','Comment','admin_url','comment/commentadmin/delete','','删除评论','1','');
INSERT INTO yxt_auth_rule ( `id`, `module`, `type`, `name`, `param`, `title`, `status`, `condition` ) VALUES  ('6','Comment','admin_url','comment/commentadmin/check','','评论审核','1','');
INSERT INTO yxt_auth_rule ( `id`, `module`, `type`, `name`, `param`, `title`, `status`, `condition` ) VALUES  ('7','Portal','admin_url','portal/adminpost/index','','文章管理','1','');
INSERT INTO yxt_auth_rule ( `id`, `module`, `type`, `name`, `param`, `title`, `status`, `condition` ) VALUES  ('8','Portal','admin_url','portal/adminpost/listorders','','文章排序','1','');
INSERT INTO yxt_auth_rule ( `id`, `module`, `type`, `name`, `param`, `title`, `status`, `condition` ) VALUES  ('9','Portal','admin_url','portal/adminpost/top','','文章置顶','1','');
INSERT INTO yxt_auth_rule ( `id`, `module`, `type`, `name`, `param`, `title`, `status`, `condition` ) VALUES  ('10','Portal','admin_url','portal/adminpost/recommend','','文章推荐','1','');
INSERT INTO yxt_auth_rule ( `id`, `module`, `type`, `name`, `param`, `title`, `status`, `condition` ) VALUES  ('11','Portal','admin_url','portal/adminpost/move','','批量移动','1','');
INSERT INTO yxt_auth_rule ( `id`, `module`, `type`, `name`, `param`, `title`, `status`, `condition` ) VALUES  ('12','Portal','admin_url','portal/adminpost/check','','文章审核','1','');
INSERT INTO yxt_auth_rule ( `id`, `module`, `type`, `name`, `param`, `title`, `status`, `condition` ) VALUES  ('13','Portal','admin_url','portal/adminpost/delete','','删除文章','1','');
INSERT INTO yxt_auth_rule ( `id`, `module`, `type`, `name`, `param`, `title`, `status`, `condition` ) VALUES  ('14','Portal','admin_url','portal/adminpost/edit','','编辑文章','1','');
INSERT INTO yxt_auth_rule ( `id`, `module`, `type`, `name`, `param`, `title`, `status`, `condition` ) VALUES  ('15','Portal','admin_url','portal/adminpost/edit_post','','提交编辑','1','');
INSERT INTO yxt_auth_rule ( `id`, `module`, `type`, `name`, `param`, `title`, `status`, `condition` ) VALUES  ('16','Portal','admin_url','portal/adminpost/add','','添加文章','1','');
INSERT INTO yxt_auth_rule ( `id`, `module`, `type`, `name`, `param`, `title`, `status`, `condition` ) VALUES  ('17','Portal','admin_url','portal/adminpost/add_post','','提交添加','1','');
INSERT INTO yxt_auth_rule ( `id`, `module`, `type`, `name`, `param`, `title`, `status`, `condition` ) VALUES  ('18','Portal','admin_url','portal/adminterm/index','','分类管理','1','');
INSERT INTO yxt_auth_rule ( `id`, `module`, `type`, `name`, `param`, `title`, `status`, `condition` ) VALUES  ('19','Portal','admin_url','portal/adminterm/listorders','','文章分类排序','1','');
INSERT INTO yxt_auth_rule ( `id`, `module`, `type`, `name`, `param`, `title`, `status`, `condition` ) VALUES  ('20','Portal','admin_url','portal/adminterm/delete','','删除分类','1','');
INSERT INTO yxt_auth_rule ( `id`, `module`, `type`, `name`, `param`, `title`, `status`, `condition` ) VALUES  ('21','Portal','admin_url','portal/adminterm/edit','','编辑分类','1','');
INSERT INTO yxt_auth_rule ( `id`, `module`, `type`, `name`, `param`, `title`, `status`, `condition` ) VALUES  ('22','Portal','admin_url','portal/adminterm/edit_post','','提交编辑','1','');
INSERT INTO yxt_auth_rule ( `id`, `module`, `type`, `name`, `param`, `title`, `status`, `condition` ) VALUES  ('23','Portal','admin_url','portal/adminterm/add','','添加分类','1','');
INSERT INTO yxt_auth_rule ( `id`, `module`, `type`, `name`, `param`, `title`, `status`, `condition` ) VALUES  ('24','Portal','admin_url','portal/adminterm/add_post','','提交添加','1','');
INSERT INTO yxt_auth_rule ( `id`, `module`, `type`, `name`, `param`, `title`, `status`, `condition` ) VALUES  ('25','Portal','admin_url','portal/adminpage/index','','页面管理','1','');
INSERT INTO yxt_auth_rule ( `id`, `module`, `type`, `name`, `param`, `title`, `status`, `condition` ) VALUES  ('26','Portal','admin_url','portal/adminpage/listorders','','页面排序','1','');
INSERT INTO yxt_auth_rule ( `id`, `module`, `type`, `name`, `param`, `title`, `status`, `condition` ) VALUES  ('27','Portal','admin_url','portal/adminpage/delete','','删除页面','1','');
INSERT INTO yxt_auth_rule ( `id`, `module`, `type`, `name`, `param`, `title`, `status`, `condition` ) VALUES  ('28','Portal','admin_url','portal/adminpage/edit','','编辑页面','1','');
INSERT INTO yxt_auth_rule ( `id`, `module`, `type`, `name`, `param`, `title`, `status`, `condition` ) VALUES  ('29','Portal','admin_url','portal/adminpage/edit_post','','提交编辑','1','');
INSERT INTO yxt_auth_rule ( `id`, `module`, `type`, `name`, `param`, `title`, `status`, `condition` ) VALUES  ('30','Portal','admin_url','portal/adminpage/add','','添加页面','1','');
INSERT INTO yxt_auth_rule ( `id`, `module`, `type`, `name`, `param`, `title`, `status`, `condition` ) VALUES  ('31','Portal','admin_url','portal/adminpage/add_post','','提交添加','1','');
INSERT INTO yxt_auth_rule ( `id`, `module`, `type`, `name`, `param`, `title`, `status`, `condition` ) VALUES  ('32','Admin','admin_url','admin/recycle/default','','回收站','1','');
INSERT INTO yxt_auth_rule ( `id`, `module`, `type`, `name`, `param`, `title`, `status`, `condition` ) VALUES  ('33','Portal','admin_url','portal/adminpost/recyclebin','','文章回收','1','');
INSERT INTO yxt_auth_rule ( `id`, `module`, `type`, `name`, `param`, `title`, `status`, `condition` ) VALUES  ('34','Portal','admin_url','portal/adminpost/restore','','文章还原','1','');
INSERT INTO yxt_auth_rule ( `id`, `module`, `type`, `name`, `param`, `title`, `status`, `condition` ) VALUES  ('35','Portal','admin_url','portal/adminpost/clean','','彻底删除','1','');
INSERT INTO yxt_auth_rule ( `id`, `module`, `type`, `name`, `param`, `title`, `status`, `condition` ) VALUES  ('36','Portal','admin_url','portal/adminpage/recyclebin','','页面回收','1','');
INSERT INTO yxt_auth_rule ( `id`, `module`, `type`, `name`, `param`, `title`, `status`, `condition` ) VALUES  ('37','Portal','admin_url','portal/adminpage/clean','','彻底删除','1','');
INSERT INTO yxt_auth_rule ( `id`, `module`, `type`, `name`, `param`, `title`, `status`, `condition` ) VALUES  ('38','Portal','admin_url','portal/adminpage/restore','','页面还原','1','');
INSERT INTO yxt_auth_rule ( `id`, `module`, `type`, `name`, `param`, `title`, `status`, `condition` ) VALUES  ('39','Admin','admin_url','admin/extension/default','','扩展工具','1','');
INSERT INTO yxt_auth_rule ( `id`, `module`, `type`, `name`, `param`, `title`, `status`, `condition` ) VALUES  ('40','Admin','admin_url','admin/backup/default','','备份管理','1','');
INSERT INTO yxt_auth_rule ( `id`, `module`, `type`, `name`, `param`, `title`, `status`, `condition` ) VALUES  ('41','Admin','admin_url','admin/backup/restore','','数据还原','1','');
INSERT INTO yxt_auth_rule ( `id`, `module`, `type`, `name`, `param`, `title`, `status`, `condition` ) VALUES  ('42','Admin','admin_url','admin/backup/index','','数据备份','1','');
INSERT INTO yxt_auth_rule ( `id`, `module`, `type`, `name`, `param`, `title`, `status`, `condition` ) VALUES  ('43','Admin','admin_url','admin/backup/index_post','','提交数据备份','1','');
INSERT INTO yxt_auth_rule ( `id`, `module`, `type`, `name`, `param`, `title`, `status`, `condition` ) VALUES  ('44','Admin','admin_url','admin/backup/download','','下载备份','1','');
INSERT INTO yxt_auth_rule ( `id`, `module`, `type`, `name`, `param`, `title`, `status`, `condition` ) VALUES  ('45','Admin','admin_url','admin/backup/del_backup','','删除备份','1','');
INSERT INTO yxt_auth_rule ( `id`, `module`, `type`, `name`, `param`, `title`, `status`, `condition` ) VALUES  ('46','Admin','admin_url','admin/backup/import','','数据备份导入','1','');
INSERT INTO yxt_auth_rule ( `id`, `module`, `type`, `name`, `param`, `title`, `status`, `condition` ) VALUES  ('47','Admin','admin_url','admin/plugin/index','','插件管理','1','');
INSERT INTO yxt_auth_rule ( `id`, `module`, `type`, `name`, `param`, `title`, `status`, `condition` ) VALUES  ('48','Admin','admin_url','admin/plugin/toggle','','插件启用切换','1','');
INSERT INTO yxt_auth_rule ( `id`, `module`, `type`, `name`, `param`, `title`, `status`, `condition` ) VALUES  ('49','Admin','admin_url','admin/plugin/setting','','插件设置','1','');
INSERT INTO yxt_auth_rule ( `id`, `module`, `type`, `name`, `param`, `title`, `status`, `condition` ) VALUES  ('50','Admin','admin_url','admin/plugin/setting_post','','插件设置提交','1','');
INSERT INTO yxt_auth_rule ( `id`, `module`, `type`, `name`, `param`, `title`, `status`, `condition` ) VALUES  ('51','Admin','admin_url','admin/plugin/install','','插件安装','1','');
INSERT INTO yxt_auth_rule ( `id`, `module`, `type`, `name`, `param`, `title`, `status`, `condition` ) VALUES  ('52','Admin','admin_url','admin/plugin/uninstall','','插件卸载','1','');
INSERT INTO yxt_auth_rule ( `id`, `module`, `type`, `name`, `param`, `title`, `status`, `condition` ) VALUES  ('53','Admin','admin_url','admin/slide/default','','幻灯片','1','');
INSERT INTO yxt_auth_rule ( `id`, `module`, `type`, `name`, `param`, `title`, `status`, `condition` ) VALUES  ('54','Admin','admin_url','admin/slide/index','','幻灯片管理','1','');
INSERT INTO yxt_auth_rule ( `id`, `module`, `type`, `name`, `param`, `title`, `status`, `condition` ) VALUES  ('55','Admin','admin_url','admin/slide/listorders','','幻灯片排序','1','');
INSERT INTO yxt_auth_rule ( `id`, `module`, `type`, `name`, `param`, `title`, `status`, `condition` ) VALUES  ('56','Admin','admin_url','admin/slide/toggle','','幻灯片显示切换','1','');
INSERT INTO yxt_auth_rule ( `id`, `module`, `type`, `name`, `param`, `title`, `status`, `condition` ) VALUES  ('57','Admin','admin_url','admin/slide/delete','','删除幻灯片','1','');
INSERT INTO yxt_auth_rule ( `id`, `module`, `type`, `name`, `param`, `title`, `status`, `condition` ) VALUES  ('58','Admin','admin_url','admin/slide/edit','','编辑幻灯片','1','');
INSERT INTO yxt_auth_rule ( `id`, `module`, `type`, `name`, `param`, `title`, `status`, `condition` ) VALUES  ('59','Admin','admin_url','admin/slide/edit_post','','提交编辑','1','');
INSERT INTO yxt_auth_rule ( `id`, `module`, `type`, `name`, `param`, `title`, `status`, `condition` ) VALUES  ('60','Admin','admin_url','admin/slide/add','','添加幻灯片','1','');
INSERT INTO yxt_auth_rule ( `id`, `module`, `type`, `name`, `param`, `title`, `status`, `condition` ) VALUES  ('61','Admin','admin_url','admin/slide/add_post','','提交添加','1','');
INSERT INTO yxt_auth_rule ( `id`, `module`, `type`, `name`, `param`, `title`, `status`, `condition` ) VALUES  ('62','Admin','admin_url','admin/slidecat/index','','幻灯片分类','1','');
INSERT INTO yxt_auth_rule ( `id`, `module`, `type`, `name`, `param`, `title`, `status`, `condition` ) VALUES  ('63','Admin','admin_url','admin/slidecat/delete','','删除分类','1','');
INSERT INTO yxt_auth_rule ( `id`, `module`, `type`, `name`, `param`, `title`, `status`, `condition` ) VALUES  ('64','Admin','admin_url','admin/slidecat/edit','','编辑分类','1','');
INSERT INTO yxt_auth_rule ( `id`, `module`, `type`, `name`, `param`, `title`, `status`, `condition` ) VALUES  ('65','Admin','admin_url','admin/slidecat/edit_post','','提交编辑','1','');
INSERT INTO yxt_auth_rule ( `id`, `module`, `type`, `name`, `param`, `title`, `status`, `condition` ) VALUES  ('66','Admin','admin_url','admin/slidecat/add','','添加分类','1','');
INSERT INTO yxt_auth_rule ( `id`, `module`, `type`, `name`, `param`, `title`, `status`, `condition` ) VALUES  ('67','Admin','admin_url','admin/slidecat/add_post','','提交添加','1','');
INSERT INTO yxt_auth_rule ( `id`, `module`, `type`, `name`, `param`, `title`, `status`, `condition` ) VALUES  ('68','Admin','admin_url','admin/ad/index','','网站广告','1','');
INSERT INTO yxt_auth_rule ( `id`, `module`, `type`, `name`, `param`, `title`, `status`, `condition` ) VALUES  ('69','Admin','admin_url','admin/ad/toggle','','广告显示切换','1','');
INSERT INTO yxt_auth_rule ( `id`, `module`, `type`, `name`, `param`, `title`, `status`, `condition` ) VALUES  ('70','Admin','admin_url','admin/ad/delete','','删除广告','1','');
INSERT INTO yxt_auth_rule ( `id`, `module`, `type`, `name`, `param`, `title`, `status`, `condition` ) VALUES  ('71','Admin','admin_url','admin/ad/edit','','编辑广告','1','');
INSERT INTO yxt_auth_rule ( `id`, `module`, `type`, `name`, `param`, `title`, `status`, `condition` ) VALUES  ('72','Admin','admin_url','admin/ad/edit_post','','提交编辑','1','');
INSERT INTO yxt_auth_rule ( `id`, `module`, `type`, `name`, `param`, `title`, `status`, `condition` ) VALUES  ('73','Admin','admin_url','admin/ad/add','','添加广告','1','');
INSERT INTO yxt_auth_rule ( `id`, `module`, `type`, `name`, `param`, `title`, `status`, `condition` ) VALUES  ('74','Admin','admin_url','admin/ad/add_post','','提交添加','1','');
INSERT INTO yxt_auth_rule ( `id`, `module`, `type`, `name`, `param`, `title`, `status`, `condition` ) VALUES  ('75','Admin','admin_url','admin/link/index','','友情链接','1','');
INSERT INTO yxt_auth_rule ( `id`, `module`, `type`, `name`, `param`, `title`, `status`, `condition` ) VALUES  ('76','Admin','admin_url','admin/link/listorders','','友情链接排序','1','');
INSERT INTO yxt_auth_rule ( `id`, `module`, `type`, `name`, `param`, `title`, `status`, `condition` ) VALUES  ('77','Admin','admin_url','admin/link/toggle','','友链显示切换','1','');
INSERT INTO yxt_auth_rule ( `id`, `module`, `type`, `name`, `param`, `title`, `status`, `condition` ) VALUES  ('78','Admin','admin_url','admin/link/delete','','删除友情链接','1','');
INSERT INTO yxt_auth_rule ( `id`, `module`, `type`, `name`, `param`, `title`, `status`, `condition` ) VALUES  ('79','Admin','admin_url','admin/link/edit','','编辑友情链接','1','');
INSERT INTO yxt_auth_rule ( `id`, `module`, `type`, `name`, `param`, `title`, `status`, `condition` ) VALUES  ('80','Admin','admin_url','admin/link/edit_post','','提交编辑','1','');
INSERT INTO yxt_auth_rule ( `id`, `module`, `type`, `name`, `param`, `title`, `status`, `condition` ) VALUES  ('81','Admin','admin_url','admin/link/add','','添加友情链接','1','');
INSERT INTO yxt_auth_rule ( `id`, `module`, `type`, `name`, `param`, `title`, `status`, `condition` ) VALUES  ('82','Admin','admin_url','admin/link/add_post','','提交添加','1','');
INSERT INTO yxt_auth_rule ( `id`, `module`, `type`, `name`, `param`, `title`, `status`, `condition` ) VALUES  ('83','Api','admin_url','api/oauthadmin/setting','','第三方登陆','1','');
INSERT INTO yxt_auth_rule ( `id`, `module`, `type`, `name`, `param`, `title`, `status`, `condition` ) VALUES  ('84','Api','admin_url','api/oauthadmin/setting_post','','提交设置','1','');
INSERT INTO yxt_auth_rule ( `id`, `module`, `type`, `name`, `param`, `title`, `status`, `condition` ) VALUES  ('85','Admin','admin_url','admin/menu/default','','菜单管理','1','');
INSERT INTO yxt_auth_rule ( `id`, `module`, `type`, `name`, `param`, `title`, `status`, `condition` ) VALUES  ('86','Admin','admin_url','admin/navcat/default1','','前台菜单','1','');
INSERT INTO yxt_auth_rule ( `id`, `module`, `type`, `name`, `param`, `title`, `status`, `condition` ) VALUES  ('87','Admin','admin_url','admin/nav/index','','菜单管理','1','');
INSERT INTO yxt_auth_rule ( `id`, `module`, `type`, `name`, `param`, `title`, `status`, `condition` ) VALUES  ('88','Admin','admin_url','admin/nav/listorders','','前台导航排序','1','');
INSERT INTO yxt_auth_rule ( `id`, `module`, `type`, `name`, `param`, `title`, `status`, `condition` ) VALUES  ('89','Admin','admin_url','admin/nav/delete','','删除菜单','1','');
INSERT INTO yxt_auth_rule ( `id`, `module`, `type`, `name`, `param`, `title`, `status`, `condition` ) VALUES  ('90','Admin','admin_url','admin/nav/edit','','编辑菜单','1','');
INSERT INTO yxt_auth_rule ( `id`, `module`, `type`, `name`, `param`, `title`, `status`, `condition` ) VALUES  ('91','Admin','admin_url','admin/nav/edit_post','','提交编辑','1','');
INSERT INTO yxt_auth_rule ( `id`, `module`, `type`, `name`, `param`, `title`, `status`, `condition` ) VALUES  ('92','Admin','admin_url','admin/nav/add','','添加菜单','1','');
INSERT INTO yxt_auth_rule ( `id`, `module`, `type`, `name`, `param`, `title`, `status`, `condition` ) VALUES  ('93','Admin','admin_url','admin/nav/add_post','','提交添加','1','');
INSERT INTO yxt_auth_rule ( `id`, `module`, `type`, `name`, `param`, `title`, `status`, `condition` ) VALUES  ('94','Admin','admin_url','admin/navcat/index','','菜单分类','1','');
INSERT INTO yxt_auth_rule ( `id`, `module`, `type`, `name`, `param`, `title`, `status`, `condition` ) VALUES  ('95','Admin','admin_url','admin/navcat/delete','','删除分类','1','');
INSERT INTO yxt_auth_rule ( `id`, `module`, `type`, `name`, `param`, `title`, `status`, `condition` ) VALUES  ('96','Admin','admin_url','admin/navcat/edit','','编辑分类','1','');
INSERT INTO yxt_auth_rule ( `id`, `module`, `type`, `name`, `param`, `title`, `status`, `condition` ) VALUES  ('97','Admin','admin_url','admin/navcat/edit_post','','提交编辑','1','');
INSERT INTO yxt_auth_rule ( `id`, `module`, `type`, `name`, `param`, `title`, `status`, `condition` ) VALUES  ('98','Admin','admin_url','admin/navcat/add','','添加分类','1','');
INSERT INTO yxt_auth_rule ( `id`, `module`, `type`, `name`, `param`, `title`, `status`, `condition` ) VALUES  ('99','Admin','admin_url','admin/navcat/add_post','','提交添加','1','');
INSERT INTO yxt_auth_rule ( `id`, `module`, `type`, `name`, `param`, `title`, `status`, `condition` ) VALUES  ('100','Admin','admin_url','admin/menu/index','','后台菜单','1','');
INSERT INTO yxt_auth_rule ( `id`, `module`, `type`, `name`, `param`, `title`, `status`, `condition` ) VALUES  ('101','Admin','admin_url','admin/menu/add','','添加菜单','1','');
INSERT INTO yxt_auth_rule ( `id`, `module`, `type`, `name`, `param`, `title`, `status`, `condition` ) VALUES  ('102','Admin','admin_url','admin/menu/add_post','','提交添加','1','');
INSERT INTO yxt_auth_rule ( `id`, `module`, `type`, `name`, `param`, `title`, `status`, `condition` ) VALUES  ('103','Admin','admin_url','admin/menu/listorders','','后台菜单排序','1','');
INSERT INTO yxt_auth_rule ( `id`, `module`, `type`, `name`, `param`, `title`, `status`, `condition` ) VALUES  ('104','Admin','admin_url','admin/menu/export_menu','','菜单备份','1','');
INSERT INTO yxt_auth_rule ( `id`, `module`, `type`, `name`, `param`, `title`, `status`, `condition` ) VALUES  ('105','Admin','admin_url','admin/menu/edit','','编辑菜单','1','');
INSERT INTO yxt_auth_rule ( `id`, `module`, `type`, `name`, `param`, `title`, `status`, `condition` ) VALUES  ('106','Admin','admin_url','admin/menu/edit_post','','提交编辑','1','');
INSERT INTO yxt_auth_rule ( `id`, `module`, `type`, `name`, `param`, `title`, `status`, `condition` ) VALUES  ('107','Admin','admin_url','admin/menu/delete','','删除菜单','1','');
INSERT INTO yxt_auth_rule ( `id`, `module`, `type`, `name`, `param`, `title`, `status`, `condition` ) VALUES  ('108','Admin','admin_url','admin/menu/lists','','所有菜单','1','');
INSERT INTO yxt_auth_rule ( `id`, `module`, `type`, `name`, `param`, `title`, `status`, `condition` ) VALUES  ('109','Admin','admin_url','admin/setting/default','','设置','1','');
INSERT INTO yxt_auth_rule ( `id`, `module`, `type`, `name`, `param`, `title`, `status`, `condition` ) VALUES  ('110','Admin','admin_url','admin/setting/userdefault','','个人信息','1','');
INSERT INTO yxt_auth_rule ( `id`, `module`, `type`, `name`, `param`, `title`, `status`, `condition` ) VALUES  ('111','Admin','admin_url','admin/user/userinfo','','修改信息','1','');
INSERT INTO yxt_auth_rule ( `id`, `module`, `type`, `name`, `param`, `title`, `status`, `condition` ) VALUES  ('112','Admin','admin_url','admin/user/userinfo_post','','修改信息提交','1','');
INSERT INTO yxt_auth_rule ( `id`, `module`, `type`, `name`, `param`, `title`, `status`, `condition` ) VALUES  ('113','Admin','admin_url','admin/setting/password','','修改密码','1','');
INSERT INTO yxt_auth_rule ( `id`, `module`, `type`, `name`, `param`, `title`, `status`, `condition` ) VALUES  ('114','Admin','admin_url','admin/setting/password_post','','提交修改','1','');
INSERT INTO yxt_auth_rule ( `id`, `module`, `type`, `name`, `param`, `title`, `status`, `condition` ) VALUES  ('115','Admin','admin_url','admin/setting/site','','网站信息','1','');
INSERT INTO yxt_auth_rule ( `id`, `module`, `type`, `name`, `param`, `title`, `status`, `condition` ) VALUES  ('116','Admin','admin_url','admin/setting/site_post','','提交修改','1','');
INSERT INTO yxt_auth_rule ( `id`, `module`, `type`, `name`, `param`, `title`, `status`, `condition` ) VALUES  ('117','Admin','admin_url','admin/route/index','','路由列表','1','');
INSERT INTO yxt_auth_rule ( `id`, `module`, `type`, `name`, `param`, `title`, `status`, `condition` ) VALUES  ('118','Admin','admin_url','admin/route/add','','路由添加','1','');
INSERT INTO yxt_auth_rule ( `id`, `module`, `type`, `name`, `param`, `title`, `status`, `condition` ) VALUES  ('119','Admin','admin_url','admin/route/add_post','','路由添加提交','1','');
INSERT INTO yxt_auth_rule ( `id`, `module`, `type`, `name`, `param`, `title`, `status`, `condition` ) VALUES  ('120','Admin','admin_url','admin/route/edit','','路由编辑','1','');
INSERT INTO yxt_auth_rule ( `id`, `module`, `type`, `name`, `param`, `title`, `status`, `condition` ) VALUES  ('121','Admin','admin_url','admin/route/edit_post','','路由编辑提交','1','');
INSERT INTO yxt_auth_rule ( `id`, `module`, `type`, `name`, `param`, `title`, `status`, `condition` ) VALUES  ('122','Admin','admin_url','admin/route/delete','','路由删除','1','');
INSERT INTO yxt_auth_rule ( `id`, `module`, `type`, `name`, `param`, `title`, `status`, `condition` ) VALUES  ('123','Admin','admin_url','admin/route/ban','','路由禁止','1','');
INSERT INTO yxt_auth_rule ( `id`, `module`, `type`, `name`, `param`, `title`, `status`, `condition` ) VALUES  ('124','Admin','admin_url','admin/route/open','','路由启用','1','');
INSERT INTO yxt_auth_rule ( `id`, `module`, `type`, `name`, `param`, `title`, `status`, `condition` ) VALUES  ('125','Admin','admin_url','admin/route/listorders','','路由排序','1','');
INSERT INTO yxt_auth_rule ( `id`, `module`, `type`, `name`, `param`, `title`, `status`, `condition` ) VALUES  ('126','Admin','admin_url','admin/mailer/default','','邮箱配置','1','');
INSERT INTO yxt_auth_rule ( `id`, `module`, `type`, `name`, `param`, `title`, `status`, `condition` ) VALUES  ('127','Admin','admin_url','admin/mailer/index','','SMTP配置','1','');
INSERT INTO yxt_auth_rule ( `id`, `module`, `type`, `name`, `param`, `title`, `status`, `condition` ) VALUES  ('128','Admin','admin_url','admin/mailer/index_post','','提交配置','1','');
INSERT INTO yxt_auth_rule ( `id`, `module`, `type`, `name`, `param`, `title`, `status`, `condition` ) VALUES  ('129','Admin','admin_url','admin/mailer/active','','邮件模板','1','');
INSERT INTO yxt_auth_rule ( `id`, `module`, `type`, `name`, `param`, `title`, `status`, `condition` ) VALUES  ('130','Admin','admin_url','admin/mailer/active_post','','提交模板','1','');
INSERT INTO yxt_auth_rule ( `id`, `module`, `type`, `name`, `param`, `title`, `status`, `condition` ) VALUES  ('131','Admin','admin_url','admin/setting/clearcache','','清除缓存','1','');
INSERT INTO yxt_auth_rule ( `id`, `module`, `type`, `name`, `param`, `title`, `status`, `condition` ) VALUES  ('132','User','admin_url','user/indexadmin/default','','用户管理','1','');
INSERT INTO yxt_auth_rule ( `id`, `module`, `type`, `name`, `param`, `title`, `status`, `condition` ) VALUES  ('133','User','admin_url','user/indexadmin/default1','','用户组','1','');
INSERT INTO yxt_auth_rule ( `id`, `module`, `type`, `name`, `param`, `title`, `status`, `condition` ) VALUES  ('134','User','admin_url','user/indexadmin/index','','本站用户','1','');
INSERT INTO yxt_auth_rule ( `id`, `module`, `type`, `name`, `param`, `title`, `status`, `condition` ) VALUES  ('135','User','admin_url','user/indexadmin/ban','','拉黑会员','1','');
INSERT INTO yxt_auth_rule ( `id`, `module`, `type`, `name`, `param`, `title`, `status`, `condition` ) VALUES  ('136','User','admin_url','user/indexadmin/cancelban','','启用会员','1','');
INSERT INTO yxt_auth_rule ( `id`, `module`, `type`, `name`, `param`, `title`, `status`, `condition` ) VALUES  ('137','User','admin_url','user/oauthadmin/index','','第三方用户','1','');
INSERT INTO yxt_auth_rule ( `id`, `module`, `type`, `name`, `param`, `title`, `status`, `condition` ) VALUES  ('138','User','admin_url','user/oauthadmin/delete','','第三方用户解绑','1','');
INSERT INTO yxt_auth_rule ( `id`, `module`, `type`, `name`, `param`, `title`, `status`, `condition` ) VALUES  ('139','User','admin_url','user/indexadmin/default3','','管理组','1','');
INSERT INTO yxt_auth_rule ( `id`, `module`, `type`, `name`, `param`, `title`, `status`, `condition` ) VALUES  ('140','Admin','admin_url','admin/rbac/index','','角色管理','1','');
INSERT INTO yxt_auth_rule ( `id`, `module`, `type`, `name`, `param`, `title`, `status`, `condition` ) VALUES  ('141','Admin','admin_url','admin/rbac/member','','成员管理','1','');
INSERT INTO yxt_auth_rule ( `id`, `module`, `type`, `name`, `param`, `title`, `status`, `condition` ) VALUES  ('142','Admin','admin_url','admin/rbac/authorize','','权限设置','1','');
INSERT INTO yxt_auth_rule ( `id`, `module`, `type`, `name`, `param`, `title`, `status`, `condition` ) VALUES  ('143','Admin','admin_url','admin/rbac/authorize_post','','提交设置','1','');
INSERT INTO yxt_auth_rule ( `id`, `module`, `type`, `name`, `param`, `title`, `status`, `condition` ) VALUES  ('144','Admin','admin_url','admin/rbac/roleedit','','编辑角色','1','');
INSERT INTO yxt_auth_rule ( `id`, `module`, `type`, `name`, `param`, `title`, `status`, `condition` ) VALUES  ('145','Admin','admin_url','admin/rbac/roleedit_post','','提交编辑','1','');
INSERT INTO yxt_auth_rule ( `id`, `module`, `type`, `name`, `param`, `title`, `status`, `condition` ) VALUES  ('146','Admin','admin_url','admin/rbac/roledelete','','删除角色','1','');
INSERT INTO yxt_auth_rule ( `id`, `module`, `type`, `name`, `param`, `title`, `status`, `condition` ) VALUES  ('147','Admin','admin_url','admin/rbac/roleadd','','添加角色','1','');
INSERT INTO yxt_auth_rule ( `id`, `module`, `type`, `name`, `param`, `title`, `status`, `condition` ) VALUES  ('148','Admin','admin_url','admin/rbac/roleadd_post','','提交添加','1','');
INSERT INTO yxt_auth_rule ( `id`, `module`, `type`, `name`, `param`, `title`, `status`, `condition` ) VALUES  ('149','Admin','admin_url','admin/user/index','','管理员','1','');
INSERT INTO yxt_auth_rule ( `id`, `module`, `type`, `name`, `param`, `title`, `status`, `condition` ) VALUES  ('150','Admin','admin_url','admin/user/delete','','删除管理员','1','');
INSERT INTO yxt_auth_rule ( `id`, `module`, `type`, `name`, `param`, `title`, `status`, `condition` ) VALUES  ('151','Admin','admin_url','admin/user/edit','','管理员编辑','1','');
INSERT INTO yxt_auth_rule ( `id`, `module`, `type`, `name`, `param`, `title`, `status`, `condition` ) VALUES  ('152','Admin','admin_url','admin/user/edit_post','','编辑提交','1','');
INSERT INTO yxt_auth_rule ( `id`, `module`, `type`, `name`, `param`, `title`, `status`, `condition` ) VALUES  ('153','Admin','admin_url','admin/user/add','','管理员添加','1','');
INSERT INTO yxt_auth_rule ( `id`, `module`, `type`, `name`, `param`, `title`, `status`, `condition` ) VALUES  ('154','Admin','admin_url','admin/user/add_post','','添加提交','1','');
INSERT INTO yxt_auth_rule ( `id`, `module`, `type`, `name`, `param`, `title`, `status`, `condition` ) VALUES  ('155','Admin','admin_url','admin/plugin/update','','插件更新','1','');
INSERT INTO yxt_auth_rule ( `id`, `module`, `type`, `name`, `param`, `title`, `status`, `condition` ) VALUES  ('156','Course','admin_url','course/admincoursetype/label','','标签管理','1','');
INSERT INTO yxt_auth_rule ( `id`, `module`, `type`, `name`, `param`, `title`, `status`, `condition` ) VALUES  ('157','Course','admin_url','course/adminlabel/index','','标签管理','1','');
INSERT INTO yxt_auth_rule ( `id`, `module`, `type`, `name`, `param`, `title`, `status`, `condition` ) VALUES  ('158','Admin','admin_url','admin/setting/alipay','','支付宝配置','1','');
INSERT INTO yxt_auth_rule ( `id`, `module`, `type`, `name`, `param`, `title`, `status`, `condition` ) VALUES  ('159','Admin','admin_url','admin/adminorder/index','','订单管理','1','');
INSERT INTO yxt_auth_rule ( `id`, `module`, `type`, `name`, `param`, `title`, `status`, `condition` ) VALUES  ('160','Course','admin_url','course/adminorder/index','','订单列表','1','');
DROP TABLE IF EXISTS `yxt_card`;
CREATE TABLE `yxt_card` (
  `id` int(10) NOT NULL AUTO_INCREMENT,
  `card_state` int(2) NOT NULL DEFAULT '0',
  `type_id` int(2) DEFAULT NULL,
  `card_price` int(5) DEFAULT NULL,
  `card_name` varchar(20) DEFAULT NULL,
  `card_pass` varchar(10) DEFAULT NULL,
  `cs_id` int(10) DEFAULT '0',
  `user_id` int(10) DEFAULT '0',
  `use_state` int(2) NOT NULL DEFAULT '0',
  `sale_state` int(2) NOT NULL DEFAULT '0',
  `viptime` int(5) NOT NULL DEFAULT '0',
  `addtime` datetime DEFAULT NULL,
  PRIMARY KEY (`id`)
) COLLATE='utf8_general_ci' ENGINE=MyISAM;
INSERT INTO yxt_card ( `id`, `card_state`, `type_id`, `card_price`, `card_name`, `card_pass`, `cs_id`, `user_id`, `use_state`, `sale_state`, `viptime`, `addtime` ) VALUES  ('1','0','2','200','SJVRPGR6HZE4RB5','','1','0','0','0','0','2016-06-26 21:21:08');
INSERT INTO yxt_card ( `id`, `card_state`, `type_id`, `card_price`, `card_name`, `card_pass`, `cs_id`, `user_id`, `use_state`, `sale_state`, `viptime`, `addtime` ) VALUES  ('2','0','2','200','J9KU9FUS8SFVD7Z','','1','0','0','0','0','2016-06-26 21:21:08');
INSERT INTO yxt_card ( `id`, `card_state`, `type_id`, `card_price`, `card_name`, `card_pass`, `cs_id`, `user_id`, `use_state`, `sale_state`, `viptime`, `addtime` ) VALUES  ('3','0','2','200','H3HCDSE5JW2J5U8','','1','0','0','0','0','2016-06-26 21:21:08');
INSERT INTO yxt_card ( `id`, `card_state`, `type_id`, `card_price`, `card_name`, `card_pass`, `cs_id`, `user_id`, `use_state`, `sale_state`, `viptime`, `addtime` ) VALUES  ('4','0','2','200','HH7ZVVRZNPF52WW','','1','0','0','0','0','2016-06-26 21:21:08');
INSERT INTO yxt_card ( `id`, `card_state`, `type_id`, `card_price`, `card_name`, `card_pass`, `cs_id`, `user_id`, `use_state`, `sale_state`, `viptime`, `addtime` ) VALUES  ('5','0','2','200','CP4VN26NRNC4ZM4','','1','0','0','0','0','2016-06-26 21:21:08');
INSERT INTO yxt_card ( `id`, `card_state`, `type_id`, `card_price`, `card_name`, `card_pass`, `cs_id`, `user_id`, `use_state`, `sale_state`, `viptime`, `addtime` ) VALUES  ('6','0','2','200','A5W4PRZPZHG7EET','','1','0','0','0','0','2016-06-26 21:21:08');
INSERT INTO yxt_card ( `id`, `card_state`, `type_id`, `card_price`, `card_name`, `card_pass`, `cs_id`, `user_id`, `use_state`, `sale_state`, `viptime`, `addtime` ) VALUES  ('7','0','2','200','RA52XAD3AS74CPA','','1','0','0','0','0','2016-06-26 21:21:08');
INSERT INTO yxt_card ( `id`, `card_state`, `type_id`, `card_price`, `card_name`, `card_pass`, `cs_id`, `user_id`, `use_state`, `sale_state`, `viptime`, `addtime` ) VALUES  ('8','0','2','200','VW37TNAGEAZRYJ4','','1','0','0','0','0','2016-06-26 21:21:08');
INSERT INTO yxt_card ( `id`, `card_state`, `type_id`, `card_price`, `card_name`, `card_pass`, `cs_id`, `user_id`, `use_state`, `sale_state`, `viptime`, `addtime` ) VALUES  ('9','0','2','200','HZD8TP3BQTY4CPD','','1','0','0','0','0','2016-06-26 21:21:08');
INSERT INTO yxt_card ( `id`, `card_state`, `type_id`, `card_price`, `card_name`, `card_pass`, `cs_id`, `user_id`, `use_state`, `sale_state`, `viptime`, `addtime` ) VALUES  ('10','0','2','200','85BUM5RV549RQT3','','1','0','0','0','0','2016-06-26 21:21:08');
DROP TABLE IF EXISTS `yxt_cardtype`;
CREATE TABLE `yxt_cardtype` (
  `id` int(10) NOT NULL AUTO_INCREMENT,
  `typename` varchar(20) DEFAULT NULL,
  PRIMARY KEY (`id`)
) COLLATE='utf8_general_ci' ENGINE=MyISAM;
DROP TABLE IF EXISTS `yxt_comments`;
CREATE TABLE `yxt_comments` (
  `id` bigint(20) unsigned NOT NULL AUTO_INCREMENT,
  `post_table` varchar(100) NOT NULL COMMENT '评论内容所在表，不带表前缀',
  `post_id` int(11) unsigned NOT NULL DEFAULT '0',
  `url` varchar(255) DEFAULT NULL COMMENT '原文地址',
  `uid` int(11) NOT NULL DEFAULT '0' COMMENT '发表评论的用户id',
  `to_uid` int(11) NOT NULL DEFAULT '0' COMMENT '被评论的用户id',
  `full_name` varchar(50) DEFAULT NULL COMMENT '评论者昵称',
  `email` varchar(255) DEFAULT NULL COMMENT '评论者邮箱',
  `createtime` datetime NOT NULL DEFAULT '0000-00-00 00:00:00',
  `content` text NOT NULL COMMENT '评论内容',
  `type` smallint(1) NOT NULL DEFAULT '1' COMMENT '评论类型；1实名评论',
  `parentid` bigint(20) unsigned NOT NULL DEFAULT '0' COMMENT '被回复的评论id',
  `path` varchar(500) DEFAULT NULL,
  `status` smallint(1) NOT NULL DEFAULT '1' COMMENT '状态，1已审核，0未审核',
  PRIMARY KEY (`id`),
  KEY `comment_post_ID` (`post_id`),
  KEY `comment_approved_date_gmt` (`status`),
  KEY `comment_parent` (`parentid`),
  KEY `table_id_status` (`post_table`,`post_id`,`status`),
  KEY `createtime` (`createtime`)
) COLLATE='utf8_general_ci' ENGINE=MyISAM;
DROP TABLE IF EXISTS `yxt_common_action_log`;
CREATE TABLE `yxt_common_action_log` (
  `id` int(11) NOT NULL AUTO_INCREMENT,
  `user` bigint(20) DEFAULT '0' COMMENT '用户id',
  `object` varchar(100) DEFAULT NULL COMMENT '访问对象的id,格式：不带前缀的表名+id;如posts1表示xx_posts表里id为1的记录',
  `action` varchar(50) DEFAULT NULL COMMENT '操作名称；格式规定为：应用名+控制器+操作名；也可自己定义格式只要不发生冲突且惟一；',
  `count` int(11) DEFAULT '0' COMMENT '访问次数',
  `last_time` int(11) DEFAULT '0' COMMENT '最后访问的时间戳',
  `ip` varchar(15) DEFAULT NULL COMMENT '访问者最后访问ip',
  PRIMARY KEY (`id`),
  KEY `user_object_action` (`user`,`object`,`action`),
  KEY `user_object_action_ip` (`user`,`object`,`action`,`ip`)
) COLLATE='utf8_general_ci' ENGINE=MyISAM;
INSERT INTO yxt_common_action_log ( `id`, `user`, `object`, `action`, `count`, `last_time`, `ip` ) VALUES  ('1','0','posts','Portal-Article-index','5','1455678287','127.0.0.1');
INSERT INTO yxt_common_action_log ( `id`, `user`, `object`, `action`, `count`, `last_time`, `ip` ) VALUES  ('2','0','posts1','Portal-Article-index','2','1425199007','127.0.0.1');
INSERT INTO yxt_common_action_log ( `id`, `user`, `object`, `action`, `count`, `last_time`, `ip` ) VALUES  ('3','2','posts1','Portal-Article-index','2','1425199073','127.0.0.1');
INSERT INTO yxt_common_action_log ( `id`, `user`, `object`, `action`, `count`, `last_time`, `ip` ) VALUES  ('4','2','posts3','Portal-Article-index','1','1425199186','127.0.0.1');
INSERT INTO yxt_common_action_log ( `id`, `user`, `object`, `action`, `count`, `last_time`, `ip` ) VALUES  ('5','2','posts4','Portal-Article-index','1','1425199203','127.0.0.1');
INSERT INTO yxt_common_action_log ( `id`, `user`, `object`, `action`, `count`, `last_time`, `ip` ) VALUES  ('6','2','posts','Portal-Article-index','1','1425201579','127.0.0.1');
INSERT INTO yxt_common_action_log ( `id`, `user`, `object`, `action`, `count`, `last_time`, `ip` ) VALUES  ('7','1','posts','Portal-Article-index','1','1430118601','127.0.0.1');
INSERT INTO yxt_common_action_log ( `id`, `user`, `object`, `action`, `count`, `last_time`, `ip` ) VALUES  ('8','0','posts6','Portal-Article-index','2','1455703276','127.0.0.1');
DROP TABLE IF EXISTS `yxt_config`;
CREATE TABLE `yxt_config` (
  `id` int(2) NOT NULL AUTO_INCREMENT,
  `type` int(2) DEFAULT NULL,
  `alipaycount` varchar(30) CHARACTER SET utf8 COLLATE utf8_estonian_ci DEFAULT NULL,
  `pid` varchar(30) CHARACTER SET utf8 COLLATE utf8_estonian_ci DEFAULT NULL,
  `key` varchar(30) CHARACTER SET utf8 COLLATE utf8_estonian_ci DEFAULT NULL,
  `AppId` varchar(30) CHARACTER SET utf8 COLLATE utf8_estonian_ci DEFAULT NULL,
  `SecretId` varchar(30) CHARACTER SET utf8 COLLATE utf8_estonian_ci DEFAULT NULL,
  `SecretKey` varchar(30) CHARACTER SET utf8 COLLATE utf8_estonian_ci DEFAULT NULL,
  PRIMARY KEY (`id`)
) COLLATE='utf8_general_ci' ENGINE=MyISAM;
DROP TABLE IF EXISTS `yxt_course`;
CREATE TABLE `yxt_course` (
  `id` int(5) NOT NULL AUTO_INCREMENT,
  `cs_name` varchar(50) DEFAULT NULL,
  `ty_id` int(5) DEFAULT NULL,
  `cs_teacher` int(5) DEFAULT NULL,
  `cs_addtime` datetime DEFAULT NULL,
  `cs_state` int(2) DEFAULT NULL,
  `is_tuijian` int(2) DEFAULT NULL,
  `cs_price` int(5) DEFAULT NULL,
  `cs_picture` varchar(200) DEFAULT NULL,
  `listorder` int(10) DEFAULT NULL,
  `sec_numbers` int(5) DEFAULT NULL,
  `cs_xuni` int(5) DEFAULT NULL,
  `cs_brief` text,
  `top_id` int(5) DEFAULT NULL,
  `mubiao` text,
  `shihe` varchar(200) DEFAULT NULL,
  `labelid` int(2) DEFAULT NULL,
  PRIMARY KEY (`id`)
) COLLATE='utf8_general_ci' ENGINE=MyISAM;
INSERT INTO yxt_course ( `id`, `cs_name`, `ty_id`, `cs_teacher`, `cs_addtime`, `cs_state`, `is_tuijian`, `cs_price`, `cs_picture`, `listorder`, `sec_numbers`, `cs_xuni`, `cs_brief`, `top_id`, `mubiao`, `shihe`, `labelid` ) VALUES  ('1','【高一基础同步】集合与函数提高','6','1','2016-06-26 20:59:10','1','0','1','/data/upload/20160626/576fd21ecdfe6.png','','28','2','<p><img src=\"/ueditor/php/upload/image/20160626/1466946030912015.png\" title=\"1466946030912015.png\" alt=\"1.png\"/><img src=\"/ueditor/php/upload/image/20160626/1466946033450757.png\" title=\"1466946033450757.png\" alt=\"2.png\"/></p>','3','深入学习高一数学必修一知识及题型进行反思总结与训练提高，培养良好的高中数学学习习惯，学习方法，方法比知识重要；
','高一学生','1');
DROP TABLE IF EXISTS `yxt_coursetype`;
CREATE TABLE `yxt_coursetype` (
  `term_id` bigint(20) unsigned NOT NULL AUTO_INCREMENT COMMENT '分类id',
  `name` varchar(200) DEFAULT NULL COMMENT '分类名称',
  `slug` varchar(200) DEFAULT '',
  `description` longtext COMMENT '分类描述',
  `parent` bigint(20) unsigned DEFAULT '0' COMMENT '分类父id',
  `count` bigint(20) DEFAULT '0' COMMENT '分类文章数',
  `path` varchar(500) DEFAULT NULL COMMENT '分类层级关系路径',
  `seo_title` varchar(500) DEFAULT NULL,
  `seo_keywords` varchar(500) DEFAULT NULL,
  `seo_description` varchar(500) DEFAULT NULL,
  `listorder` int(5) NOT NULL DEFAULT '0' COMMENT '排序',
  `status` int(2) NOT NULL DEFAULT '1' COMMENT '状态，1发布，0不发布',
  PRIMARY KEY (`term_id`)
) COLLATE='utf8_general_ci' ENGINE=MyISAM;
INSERT INTO yxt_coursetype ( `term_id`, `name`, `slug`, `description`, `parent`, `count`, `path`, `seo_title`, `seo_keywords`, `seo_description`, `listorder`, `status` ) VALUES  ('1','小学','','','0','0','0-1','','','','0','1');
INSERT INTO yxt_coursetype ( `term_id`, `name`, `slug`, `description`, `parent`, `count`, `path`, `seo_title`, `seo_keywords`, `seo_description`, `listorder`, `status` ) VALUES  ('2','初中','','','0','0','0-2','','','','0','1');
INSERT INTO yxt_coursetype ( `term_id`, `name`, `slug`, `description`, `parent`, `count`, `path`, `seo_title`, `seo_keywords`, `seo_description`, `listorder`, `status` ) VALUES  ('3','高中','','','0','0','0-3','','','','0','1');
INSERT INTO yxt_coursetype ( `term_id`, `name`, `slug`, `description`, `parent`, `count`, `path`, `seo_title`, `seo_keywords`, `seo_description`, `listorder`, `status` ) VALUES  ('4','奥数','','','1','0','0-1-4','','','','0','1');
INSERT INTO yxt_coursetype ( `term_id`, `name`, `slug`, `description`, `parent`, `count`, `path`, `seo_title`, `seo_keywords`, `seo_description`, `listorder`, `status` ) VALUES  ('5','作文','','','1','0','0-1-5','','','','0','1');
INSERT INTO yxt_coursetype ( `term_id`, `name`, `slug`, `description`, `parent`, `count`, `path`, `seo_title`, `seo_keywords`, `seo_description`, `listorder`, `status` ) VALUES  ('6','高中数学','','','3','0','0-3-6','','','','0','1');
INSERT INTO yxt_coursetype ( `term_id`, `name`, `slug`, `description`, `parent`, `count`, `path`, `seo_title`, `seo_keywords`, `seo_description`, `listorder`, `status` ) VALUES  ('7','高中物理','','','3','0','0-3-7','','','','0','1');
INSERT INTO yxt_coursetype ( `term_id`, `name`, `slug`, `description`, `parent`, `count`, `path`, `seo_title`, `seo_keywords`, `seo_description`, `listorder`, `status` ) VALUES  ('8','高中化学','','','3','0','0-3-8','','','','0','1');
DROP TABLE IF EXISTS `yxt_guestbook`;
CREATE TABLE `yxt_guestbook` (
  `id` int(11) NOT NULL AUTO_INCREMENT,
  `full_name` varchar(50) NOT NULL COMMENT '留言者姓名',
  `email` varchar(100) NOT NULL COMMENT '留言者邮箱',
  `title` varchar(255) DEFAULT NULL COMMENT '留言标题',
  `msg` text NOT NULL COMMENT '留言内容',
  `createtime` datetime NOT NULL,
  `status` smallint(2) NOT NULL DEFAULT '1',
  PRIMARY KEY (`id`)
) COLLATE='utf8_general_ci' ENGINE=MyISAM;
DROP TABLE IF EXISTS `yxt_label`;
CREATE TABLE `yxt_label` (
  `id` int(2) NOT NULL AUTO_INCREMENT,
  `c_id` int(2) DEFAULT NULL,
  `labelname` varchar(50) DEFAULT NULL,
  `listorder` int(2) NOT NULL DEFAULT '0',
  PRIMARY KEY (`id`)
) COLLATE='utf8_general_ci' ENGINE=MyISAM;
INSERT INTO yxt_label ( `id`, `c_id`, `labelname`, `listorder` ) VALUES  ('1','6','必修一','0');
INSERT INTO yxt_label ( `id`, `c_id`, `labelname`, `listorder` ) VALUES  ('2','6','必修二','0');
DROP TABLE IF EXISTS `yxt_links`;
CREATE TABLE `yxt_links` (
  `link_id` bigint(20) unsigned NOT NULL AUTO_INCREMENT,
  `link_url` varchar(255) NOT NULL COMMENT '友情链接地址',
  `link_name` varchar(255) NOT NULL COMMENT '友情链接名称',
  `link_image` varchar(255) DEFAULT NULL COMMENT '友情链接图标',
  `link_target` varchar(25) NOT NULL DEFAULT '_blank' COMMENT '友情链接打开方式',
  `link_description` text NOT NULL COMMENT '友情链接描述',
  `link_status` int(2) NOT NULL DEFAULT '1',
  `link_rating` int(11) NOT NULL DEFAULT '0' COMMENT '友情链接评级',
  `link_rel` varchar(255) DEFAULT '',
  `listorder` int(10) NOT NULL DEFAULT '0' COMMENT '排序',
  PRIMARY KEY (`link_id`),
  KEY `link_visible` (`link_status`)
) COLLATE='utf8_general_ci' ENGINE=MyISAM;
DROP TABLE IF EXISTS `yxt_material`;
CREATE TABLE `yxt_material` (
  `id` int(10) NOT NULL AUTO_INCREMENT,
  `cs_id` int(10) DEFAULT NULL,
  `name` varchar(80) DEFAULT NULL,
  `url` varchar(200) DEFAULT NULL,
  `addtime` datetime DEFAULT NULL,
  `sc_id` int(10) DEFAULT NULL,
  `downname` varchar(50) DEFAULT NULL,
  PRIMARY KEY (`id`)
) COLLATE='utf8_general_ci' ENGINE=MyISAM;
INSERT INTO yxt_material ( `id`, `cs_id`, `name`, `url`, `addtime`, `sc_id`, `downname` ) VALUES  ('1','1','第一讲 集合的含义及其表示','http://ruisi365-10045993.file.myqcloud.com/2016/06/%E7%AC%AC%E4%B8%80%E8%AE%B2%20%E9%9B%86%E5%90%88%E7%9A%84%E5%90%AB%E4%B9%89%E5%8F%8A%E5%85%B6%E8%A1%A8%E7%A4%BA.pptx','2016-06-26 21:20:59','0','第一讲 集合的含义及其表示.pptx');
DROP TABLE IF EXISTS `yxt_menu`;
CREATE TABLE `yxt_menu` (
  `id` smallint(6) unsigned NOT NULL AUTO_INCREMENT,
  `parentid` smallint(6) unsigned NOT NULL DEFAULT '0',
  `app` char(20) NOT NULL COMMENT '应用名称app',
  `model` char(20) NOT NULL COMMENT '控制器',
  `action` char(20) NOT NULL COMMENT '操作名称',
  `data` char(50) NOT NULL COMMENT '额外参数',
  `type` tinyint(1) NOT NULL DEFAULT '0' COMMENT '菜单类型  1：权限认证+菜单；0：只作为菜单',
  `status` tinyint(1) unsigned NOT NULL DEFAULT '0' COMMENT '状态，1显示，0不显示',
  `name` varchar(50) NOT NULL COMMENT '菜单名称',
  `icon` varchar(50) DEFAULT NULL COMMENT '菜单图标',
  `remark` varchar(255) NOT NULL COMMENT '备注',
  `listorder` smallint(6) unsigned NOT NULL DEFAULT '0' COMMENT '排序ID',
  PRIMARY KEY (`id`),
  KEY `status` (`status`),
  KEY `parentid` (`parentid`),
  KEY `model` (`model`)
) COLLATE='utf8_general_ci' ENGINE=MyISAM;
INSERT INTO yxt_menu ( `id`, `parentid`, `app`, `model`, `action`, `data`, `type`, `status`, `name`, `icon`, `remark`, `listorder` ) VALUES  ('1','0','Admin','Content','default','','0','1','文章系统','th','','20');
INSERT INTO yxt_menu ( `id`, `parentid`, `app`, `model`, `action`, `data`, `type`, `status`, `name`, `icon`, `remark`, `listorder` ) VALUES  ('2','1','Api','Guestbookadmin','index','','1','0','所有留言','','','0');
INSERT INTO yxt_menu ( `id`, `parentid`, `app`, `model`, `action`, `data`, `type`, `status`, `name`, `icon`, `remark`, `listorder` ) VALUES  ('3','2','Api','Guestbookadmin','delete','','1','0','删除网站留言','','','0');
INSERT INTO yxt_menu ( `id`, `parentid`, `app`, `model`, `action`, `data`, `type`, `status`, `name`, `icon`, `remark`, `listorder` ) VALUES  ('4','1','Comment','Commentadmin','index','','1','0','评论管理','','','0');
INSERT INTO yxt_menu ( `id`, `parentid`, `app`, `model`, `action`, `data`, `type`, `status`, `name`, `icon`, `remark`, `listorder` ) VALUES  ('5','4','Comment','Commentadmin','delete','','1','0','删除评论','','','0');
INSERT INTO yxt_menu ( `id`, `parentid`, `app`, `model`, `action`, `data`, `type`, `status`, `name`, `icon`, `remark`, `listorder` ) VALUES  ('6','4','Comment','Commentadmin','check','','1','0','评论审核','','','0');
INSERT INTO yxt_menu ( `id`, `parentid`, `app`, `model`, `action`, `data`, `type`, `status`, `name`, `icon`, `remark`, `listorder` ) VALUES  ('7','1','Portal','AdminPost','index','','1','1','文章管理','','','1');
INSERT INTO yxt_menu ( `id`, `parentid`, `app`, `model`, `action`, `data`, `type`, `status`, `name`, `icon`, `remark`, `listorder` ) VALUES  ('8','7','Portal','AdminPost','listorders','','1','0','文章排序','','','0');
INSERT INTO yxt_menu ( `id`, `parentid`, `app`, `model`, `action`, `data`, `type`, `status`, `name`, `icon`, `remark`, `listorder` ) VALUES  ('9','7','Portal','AdminPost','top','','1','0','文章置顶','','','0');
INSERT INTO yxt_menu ( `id`, `parentid`, `app`, `model`, `action`, `data`, `type`, `status`, `name`, `icon`, `remark`, `listorder` ) VALUES  ('10','7','Portal','AdminPost','recommend','','1','0','文章推荐','','','0');
INSERT INTO yxt_menu ( `id`, `parentid`, `app`, `model`, `action`, `data`, `type`, `status`, `name`, `icon`, `remark`, `listorder` ) VALUES  ('11','7','Portal','AdminPost','move','','1','0','批量移动','','','1000');
INSERT INTO yxt_menu ( `id`, `parentid`, `app`, `model`, `action`, `data`, `type`, `status`, `name`, `icon`, `remark`, `listorder` ) VALUES  ('12','7','Portal','AdminPost','check','','1','0','文章审核','','','1000');
INSERT INTO yxt_menu ( `id`, `parentid`, `app`, `model`, `action`, `data`, `type`, `status`, `name`, `icon`, `remark`, `listorder` ) VALUES  ('13','7','Portal','AdminPost','delete','','1','0','删除文章','','','1000');
INSERT INTO yxt_menu ( `id`, `parentid`, `app`, `model`, `action`, `data`, `type`, `status`, `name`, `icon`, `remark`, `listorder` ) VALUES  ('14','7','Portal','AdminPost','edit','','1','0','编辑文章','','','1000');
INSERT INTO yxt_menu ( `id`, `parentid`, `app`, `model`, `action`, `data`, `type`, `status`, `name`, `icon`, `remark`, `listorder` ) VALUES  ('15','14','Portal','AdminPost','edit_post','','1','0','提交编辑','','','0');
INSERT INTO yxt_menu ( `id`, `parentid`, `app`, `model`, `action`, `data`, `type`, `status`, `name`, `icon`, `remark`, `listorder` ) VALUES  ('16','7','Portal','AdminPost','add','','1','0','添加文章','','','1000');
INSERT INTO yxt_menu ( `id`, `parentid`, `app`, `model`, `action`, `data`, `type`, `status`, `name`, `icon`, `remark`, `listorder` ) VALUES  ('17','16','Portal','AdminPost','add_post','','1','0','提交添加','','','0');
INSERT INTO yxt_menu ( `id`, `parentid`, `app`, `model`, `action`, `data`, `type`, `status`, `name`, `icon`, `remark`, `listorder` ) VALUES  ('18','1','Portal','AdminTerm','index','','0','1','分类管理','','','2');
INSERT INTO yxt_menu ( `id`, `parentid`, `app`, `model`, `action`, `data`, `type`, `status`, `name`, `icon`, `remark`, `listorder` ) VALUES  ('19','18','Portal','AdminTerm','listorders','','1','0','文章分类排序','','','0');
INSERT INTO yxt_menu ( `id`, `parentid`, `app`, `model`, `action`, `data`, `type`, `status`, `name`, `icon`, `remark`, `listorder` ) VALUES  ('20','18','Portal','AdminTerm','delete','','1','0','删除分类','','','1000');
INSERT INTO yxt_menu ( `id`, `parentid`, `app`, `model`, `action`, `data`, `type`, `status`, `name`, `icon`, `remark`, `listorder` ) VALUES  ('21','18','Portal','AdminTerm','edit','','1','0','编辑分类','','','1000');
INSERT INTO yxt_menu ( `id`, `parentid`, `app`, `model`, `action`, `data`, `type`, `status`, `name`, `icon`, `remark`, `listorder` ) VALUES  ('22','21','Portal','AdminTerm','edit_post','','1','0','提交编辑','','','0');
INSERT INTO yxt_menu ( `id`, `parentid`, `app`, `model`, `action`, `data`, `type`, `status`, `name`, `icon`, `remark`, `listorder` ) VALUES  ('23','18','Portal','AdminTerm','add','','1','0','添加分类','','','1000');
INSERT INTO yxt_menu ( `id`, `parentid`, `app`, `model`, `action`, `data`, `type`, `status`, `name`, `icon`, `remark`, `listorder` ) VALUES  ('24','23','Portal','AdminTerm','add_post','','1','0','提交添加','','','0');
INSERT INTO yxt_menu ( `id`, `parentid`, `app`, `model`, `action`, `data`, `type`, `status`, `name`, `icon`, `remark`, `listorder` ) VALUES  ('25','1','Portal','AdminPage','index','','1','1','页面管理','','','3');
INSERT INTO yxt_menu ( `id`, `parentid`, `app`, `model`, `action`, `data`, `type`, `status`, `name`, `icon`, `remark`, `listorder` ) VALUES  ('26','25','Portal','AdminPage','listorders','','1','0','页面排序','','','0');
INSERT INTO yxt_menu ( `id`, `parentid`, `app`, `model`, `action`, `data`, `type`, `status`, `name`, `icon`, `remark`, `listorder` ) VALUES  ('27','25','Portal','AdminPage','delete','','1','0','删除页面','','','1000');
INSERT INTO yxt_menu ( `id`, `parentid`, `app`, `model`, `action`, `data`, `type`, `status`, `name`, `icon`, `remark`, `listorder` ) VALUES  ('28','25','Portal','AdminPage','edit','','1','0','编辑页面','','','1000');
INSERT INTO yxt_menu ( `id`, `parentid`, `app`, `model`, `action`, `data`, `type`, `status`, `name`, `icon`, `remark`, `listorder` ) VALUES  ('29','28','Portal','AdminPage','edit_post','','1','0','提交编辑','','','0');
INSERT INTO yxt_menu ( `id`, `parentid`, `app`, `model`, `action`, `data`, `type`, `status`, `name`, `icon`, `remark`, `listorder` ) VALUES  ('30','25','Portal','AdminPage','add','','1','0','添加页面','','','1000');
INSERT INTO yxt_menu ( `id`, `parentid`, `app`, `model`, `action`, `data`, `type`, `status`, `name`, `icon`, `remark`, `listorder` ) VALUES  ('31','30','Portal','AdminPage','add_post','','1','0','提交添加','','','0');
INSERT INTO yxt_menu ( `id`, `parentid`, `app`, `model`, `action`, `data`, `type`, `status`, `name`, `icon`, `remark`, `listorder` ) VALUES  ('32','1','Admin','Recycle','default','','1','1','回收站','','','4');
INSERT INTO yxt_menu ( `id`, `parentid`, `app`, `model`, `action`, `data`, `type`, `status`, `name`, `icon`, `remark`, `listorder` ) VALUES  ('33','32','Portal','AdminPost','recyclebin','','1','1','文章回收','','','0');
INSERT INTO yxt_menu ( `id`, `parentid`, `app`, `model`, `action`, `data`, `type`, `status`, `name`, `icon`, `remark`, `listorder` ) VALUES  ('34','33','Portal','AdminPost','restore','','1','0','文章还原','','','1000');
INSERT INTO yxt_menu ( `id`, `parentid`, `app`, `model`, `action`, `data`, `type`, `status`, `name`, `icon`, `remark`, `listorder` ) VALUES  ('35','33','Portal','AdminPost','clean','','1','0','彻底删除','','','1000');
INSERT INTO yxt_menu ( `id`, `parentid`, `app`, `model`, `action`, `data`, `type`, `status`, `name`, `icon`, `remark`, `listorder` ) VALUES  ('36','32','Portal','AdminPage','recyclebin','','1','1','页面回收','','','1');
INSERT INTO yxt_menu ( `id`, `parentid`, `app`, `model`, `action`, `data`, `type`, `status`, `name`, `icon`, `remark`, `listorder` ) VALUES  ('37','36','Portal','AdminPage','clean','','1','0','彻底删除','','','1000');
INSERT INTO yxt_menu ( `id`, `parentid`, `app`, `model`, `action`, `data`, `type`, `status`, `name`, `icon`, `remark`, `listorder` ) VALUES  ('38','36','Portal','AdminPage','restore','','1','0','页面还原','','','1000');
INSERT INTO yxt_menu ( `id`, `parentid`, `app`, `model`, `action`, `data`, `type`, `status`, `name`, `icon`, `remark`, `listorder` ) VALUES  ('39','0','Admin','Extension','default','','0','1','扩展工具','cloud','','40');
INSERT INTO yxt_menu ( `id`, `parentid`, `app`, `model`, `action`, `data`, `type`, `status`, `name`, `icon`, `remark`, `listorder` ) VALUES  ('40','39','Admin','Backup','default','','1','1','备份管理','','','0');
INSERT INTO yxt_menu ( `id`, `parentid`, `app`, `model`, `action`, `data`, `type`, `status`, `name`, `icon`, `remark`, `listorder` ) VALUES  ('41','40','Admin','Backup','restore','','1','1','数据还原','','','0');
INSERT INTO yxt_menu ( `id`, `parentid`, `app`, `model`, `action`, `data`, `type`, `status`, `name`, `icon`, `remark`, `listorder` ) VALUES  ('42','40','Admin','Backup','index','','1','1','数据备份','','','0');
INSERT INTO yxt_menu ( `id`, `parentid`, `app`, `model`, `action`, `data`, `type`, `status`, `name`, `icon`, `remark`, `listorder` ) VALUES  ('43','42','Admin','Backup','index_post','','1','0','提交数据备份','','','0');
INSERT INTO yxt_menu ( `id`, `parentid`, `app`, `model`, `action`, `data`, `type`, `status`, `name`, `icon`, `remark`, `listorder` ) VALUES  ('44','40','Admin','Backup','download','','1','0','下载备份','','','1000');
INSERT INTO yxt_menu ( `id`, `parentid`, `app`, `model`, `action`, `data`, `type`, `status`, `name`, `icon`, `remark`, `listorder` ) VALUES  ('45','40','Admin','Backup','del_backup','','1','0','删除备份','','','1000');
INSERT INTO yxt_menu ( `id`, `parentid`, `app`, `model`, `action`, `data`, `type`, `status`, `name`, `icon`, `remark`, `listorder` ) VALUES  ('46','40','Admin','Backup','import','','1','0','数据备份导入','','','1000');
INSERT INTO yxt_menu ( `id`, `parentid`, `app`, `model`, `action`, `data`, `type`, `status`, `name`, `icon`, `remark`, `listorder` ) VALUES  ('47','39','Admin','Plugin','index','','1','1','插件管理','','','0');
INSERT INTO yxt_menu ( `id`, `parentid`, `app`, `model`, `action`, `data`, `type`, `status`, `name`, `icon`, `remark`, `listorder` ) VALUES  ('48','47','Admin','Plugin','toggle','','1','0','插件启用切换','','','0');
INSERT INTO yxt_menu ( `id`, `parentid`, `app`, `model`, `action`, `data`, `type`, `status`, `name`, `icon`, `remark`, `listorder` ) VALUES  ('49','47','Admin','Plugin','setting','','1','0','插件设置','','','0');
INSERT INTO yxt_menu ( `id`, `parentid`, `app`, `model`, `action`, `data`, `type`, `status`, `name`, `icon`, `remark`, `listorder` ) VALUES  ('50','49','Admin','Plugin','setting_post','','1','0','插件设置提交','','','0');
INSERT INTO yxt_menu ( `id`, `parentid`, `app`, `model`, `action`, `data`, `type`, `status`, `name`, `icon`, `remark`, `listorder` ) VALUES  ('51','47','Admin','Plugin','install','','1','0','插件安装','','','0');
INSERT INTO yxt_menu ( `id`, `parentid`, `app`, `model`, `action`, `data`, `type`, `status`, `name`, `icon`, `remark`, `listorder` ) VALUES  ('52','47','Admin','Plugin','uninstall','','1','0','插件卸载','','','0');
INSERT INTO yxt_menu ( `id`, `parentid`, `app`, `model`, `action`, `data`, `type`, `status`, `name`, `icon`, `remark`, `listorder` ) VALUES  ('53','39','Admin','Slide','default','','1','1','幻灯片','','','1');
INSERT INTO yxt_menu ( `id`, `parentid`, `app`, `model`, `action`, `data`, `type`, `status`, `name`, `icon`, `remark`, `listorder` ) VALUES  ('54','53','Admin','Slide','index','','1','1','幻灯片管理','','','0');
INSERT INTO yxt_menu ( `id`, `parentid`, `app`, `model`, `action`, `data`, `type`, `status`, `name`, `icon`, `remark`, `listorder` ) VALUES  ('55','54','Admin','Slide','listorders','','1','0','幻灯片排序','','','0');
INSERT INTO yxt_menu ( `id`, `parentid`, `app`, `model`, `action`, `data`, `type`, `status`, `name`, `icon`, `remark`, `listorder` ) VALUES  ('56','54','Admin','Slide','toggle','','1','0','幻灯片显示切换','','','0');
INSERT INTO yxt_menu ( `id`, `parentid`, `app`, `model`, `action`, `data`, `type`, `status`, `name`, `icon`, `remark`, `listorder` ) VALUES  ('57','54','Admin','Slide','delete','','1','0','删除幻灯片','','','1000');
INSERT INTO yxt_menu ( `id`, `parentid`, `app`, `model`, `action`, `data`, `type`, `status`, `name`, `icon`, `remark`, `listorder` ) VALUES  ('58','54','Admin','Slide','edit','','1','0','编辑幻灯片','','','1000');
INSERT INTO yxt_menu ( `id`, `parentid`, `app`, `model`, `action`, `data`, `type`, `status`, `name`, `icon`, `remark`, `listorder` ) VALUES  ('59','58','Admin','Slide','edit_post','','1','0','提交编辑','','','0');
INSERT INTO yxt_menu ( `id`, `parentid`, `app`, `model`, `action`, `data`, `type`, `status`, `name`, `icon`, `remark`, `listorder` ) VALUES  ('60','54','Admin','Slide','add','','1','0','添加幻灯片','','','1000');
INSERT INTO yxt_menu ( `id`, `parentid`, `app`, `model`, `action`, `data`, `type`, `status`, `name`, `icon`, `remark`, `listorder` ) VALUES  ('61','60','Admin','Slide','add_post','','1','0','提交添加','','','0');
INSERT INTO yxt_menu ( `id`, `parentid`, `app`, `model`, `action`, `data`, `type`, `status`, `name`, `icon`, `remark`, `listorder` ) VALUES  ('62','53','Admin','Slidecat','index','','1','1','幻灯片分类','','','0');
INSERT INTO yxt_menu ( `id`, `parentid`, `app`, `model`, `action`, `data`, `type`, `status`, `name`, `icon`, `remark`, `listorder` ) VALUES  ('63','62','Admin','Slidecat','delete','','1','0','删除分类','','','1000');
INSERT INTO yxt_menu ( `id`, `parentid`, `app`, `model`, `action`, `data`, `type`, `status`, `name`, `icon`, `remark`, `listorder` ) VALUES  ('64','62','Admin','Slidecat','edit','','1','0','编辑分类','','','1000');
INSERT INTO yxt_menu ( `id`, `parentid`, `app`, `model`, `action`, `data`, `type`, `status`, `name`, `icon`, `remark`, `listorder` ) VALUES  ('65','64','Admin','Slidecat','edit_post','','1','0','提交编辑','','','0');
INSERT INTO yxt_menu ( `id`, `parentid`, `app`, `model`, `action`, `data`, `type`, `status`, `name`, `icon`, `remark`, `listorder` ) VALUES  ('66','62','Admin','Slidecat','add','','1','0','添加分类','','','1000');
INSERT INTO yxt_menu ( `id`, `parentid`, `app`, `model`, `action`, `data`, `type`, `status`, `name`, `icon`, `remark`, `listorder` ) VALUES  ('67','66','Admin','Slidecat','add_post','','1','0','提交添加','','','0');
INSERT INTO yxt_menu ( `id`, `parentid`, `app`, `model`, `action`, `data`, `type`, `status`, `name`, `icon`, `remark`, `listorder` ) VALUES  ('85','0','Admin','Menu','default','','1','1','菜单管理','list','','30');
INSERT INTO yxt_menu ( `id`, `parentid`, `app`, `model`, `action`, `data`, `type`, `status`, `name`, `icon`, `remark`, `listorder` ) VALUES  ('86','85','Admin','Navcat','default1','','1','1','前台菜单','','','0');
INSERT INTO yxt_menu ( `id`, `parentid`, `app`, `model`, `action`, `data`, `type`, `status`, `name`, `icon`, `remark`, `listorder` ) VALUES  ('87','86','Admin','Nav','index','','1','1','菜单管理','','','0');
INSERT INTO yxt_menu ( `id`, `parentid`, `app`, `model`, `action`, `data`, `type`, `status`, `name`, `icon`, `remark`, `listorder` ) VALUES  ('88','87','Admin','Nav','listorders','','1','0','前台导航排序','','','0');
INSERT INTO yxt_menu ( `id`, `parentid`, `app`, `model`, `action`, `data`, `type`, `status`, `name`, `icon`, `remark`, `listorder` ) VALUES  ('89','87','Admin','Nav','delete','','1','0','删除菜单','','','1000');
INSERT INTO yxt_menu ( `id`, `parentid`, `app`, `model`, `action`, `data`, `type`, `status`, `name`, `icon`, `remark`, `listorder` ) VALUES  ('90','87','Admin','Nav','edit','','1','0','编辑菜单','','','1000');
INSERT INTO yxt_menu ( `id`, `parentid`, `app`, `model`, `action`, `data`, `type`, `status`, `name`, `icon`, `remark`, `listorder` ) VALUES  ('91','90','Admin','Nav','edit_post','','1','0','提交编辑','','','0');
INSERT INTO yxt_menu ( `id`, `parentid`, `app`, `model`, `action`, `data`, `type`, `status`, `name`, `icon`, `remark`, `listorder` ) VALUES  ('92','87','Admin','Nav','add','','1','0','添加菜单','','','1000');
INSERT INTO yxt_menu ( `id`, `parentid`, `app`, `model`, `action`, `data`, `type`, `status`, `name`, `icon`, `remark`, `listorder` ) VALUES  ('93','92','Admin','Nav','add_post','','1','0','提交添加','','','0');
INSERT INTO yxt_menu ( `id`, `parentid`, `app`, `model`, `action`, `data`, `type`, `status`, `name`, `icon`, `remark`, `listorder` ) VALUES  ('94','86','Admin','Navcat','index','','1','1','菜单分类','','','0');
INSERT INTO yxt_menu ( `id`, `parentid`, `app`, `model`, `action`, `data`, `type`, `status`, `name`, `icon`, `remark`, `listorder` ) VALUES  ('95','94','Admin','Navcat','delete','','1','0','删除分类','','','1000');
INSERT INTO yxt_menu ( `id`, `parentid`, `app`, `model`, `action`, `data`, `type`, `status`, `name`, `icon`, `remark`, `listorder` ) VALUES  ('96','94','Admin','Navcat','edit','','1','0','编辑分类','','','1000');
INSERT INTO yxt_menu ( `id`, `parentid`, `app`, `model`, `action`, `data`, `type`, `status`, `name`, `icon`, `remark`, `listorder` ) VALUES  ('97','96','Admin','Navcat','edit_post','','1','0','提交编辑','','','0');
INSERT INTO yxt_menu ( `id`, `parentid`, `app`, `model`, `action`, `data`, `type`, `status`, `name`, `icon`, `remark`, `listorder` ) VALUES  ('98','94','Admin','Navcat','add','','1','0','添加分类','','','1000');
INSERT INTO yxt_menu ( `id`, `parentid`, `app`, `model`, `action`, `data`, `type`, `status`, `name`, `icon`, `remark`, `listorder` ) VALUES  ('99','98','Admin','Navcat','add_post','','1','0','提交添加','','','0');
INSERT INTO yxt_menu ( `id`, `parentid`, `app`, `model`, `action`, `data`, `type`, `status`, `name`, `icon`, `remark`, `listorder` ) VALUES  ('100','85','Admin','Menu','index','','1','1','后台菜单','','','0');
INSERT INTO yxt_menu ( `id`, `parentid`, `app`, `model`, `action`, `data`, `type`, `status`, `name`, `icon`, `remark`, `listorder` ) VALUES  ('101','100','Admin','Menu','add','','1','0','添加菜单','','','0');
INSERT INTO yxt_menu ( `id`, `parentid`, `app`, `model`, `action`, `data`, `type`, `status`, `name`, `icon`, `remark`, `listorder` ) VALUES  ('102','101','Admin','Menu','add_post','','1','0','提交添加','','','0');
INSERT INTO yxt_menu ( `id`, `parentid`, `app`, `model`, `action`, `data`, `type`, `status`, `name`, `icon`, `remark`, `listorder` ) VALUES  ('103','100','Admin','Menu','listorders','','1','0','后台菜单排序','','','0');
INSERT INTO yxt_menu ( `id`, `parentid`, `app`, `model`, `action`, `data`, `type`, `status`, `name`, `icon`, `remark`, `listorder` ) VALUES  ('104','100','Admin','Menu','export_menu','','1','0','菜单备份','','','1000');
INSERT INTO yxt_menu ( `id`, `parentid`, `app`, `model`, `action`, `data`, `type`, `status`, `name`, `icon`, `remark`, `listorder` ) VALUES  ('105','100','Admin','Menu','edit','','1','0','编辑菜单','','','1000');
INSERT INTO yxt_menu ( `id`, `parentid`, `app`, `model`, `action`, `data`, `type`, `status`, `name`, `icon`, `remark`, `listorder` ) VALUES  ('106','105','Admin','Menu','edit_post','','1','0','提交编辑','','','0');
INSERT INTO yxt_menu ( `id`, `parentid`, `app`, `model`, `action`, `data`, `type`, `status`, `name`, `icon`, `remark`, `listorder` ) VALUES  ('107','100','Admin','Menu','delete','','1','0','删除菜单','','','1000');
INSERT INTO yxt_menu ( `id`, `parentid`, `app`, `model`, `action`, `data`, `type`, `status`, `name`, `icon`, `remark`, `listorder` ) VALUES  ('108','100','Admin','Menu','lists','','1','0','所有菜单','','','1000');
INSERT INTO yxt_menu ( `id`, `parentid`, `app`, `model`, `action`, `data`, `type`, `status`, `name`, `icon`, `remark`, `listorder` ) VALUES  ('109','0','Admin','Setting','default','','0','1','系统设置','cogs','','0');
INSERT INTO yxt_menu ( `id`, `parentid`, `app`, `model`, `action`, `data`, `type`, `status`, `name`, `icon`, `remark`, `listorder` ) VALUES  ('110','109','Admin','Setting','userdefault','','0','1','个人信息','','','0');
INSERT INTO yxt_menu ( `id`, `parentid`, `app`, `model`, `action`, `data`, `type`, `status`, `name`, `icon`, `remark`, `listorder` ) VALUES  ('111','110','Admin','User','userinfo','','1','1','修改信息','','','0');
INSERT INTO yxt_menu ( `id`, `parentid`, `app`, `model`, `action`, `data`, `type`, `status`, `name`, `icon`, `remark`, `listorder` ) VALUES  ('112','111','Admin','User','userinfo_post','','1','0','修改信息提交','','','0');
INSERT INTO yxt_menu ( `id`, `parentid`, `app`, `model`, `action`, `data`, `type`, `status`, `name`, `icon`, `remark`, `listorder` ) VALUES  ('113','110','Admin','Setting','password','','1','1','修改密码','','','0');
INSERT INTO yxt_menu ( `id`, `parentid`, `app`, `model`, `action`, `data`, `type`, `status`, `name`, `icon`, `remark`, `listorder` ) VALUES  ('114','113','Admin','Setting','password_post','','1','0','提交修改','','','0');
INSERT INTO yxt_menu ( `id`, `parentid`, `app`, `model`, `action`, `data`, `type`, `status`, `name`, `icon`, `remark`, `listorder` ) VALUES  ('115','109','Admin','Setting','site','','1','1','网站信息','','','0');
INSERT INTO yxt_menu ( `id`, `parentid`, `app`, `model`, `action`, `data`, `type`, `status`, `name`, `icon`, `remark`, `listorder` ) VALUES  ('116','115','Admin','Setting','site_post','','1','0','提交修改','','','0');
INSERT INTO yxt_menu ( `id`, `parentid`, `app`, `model`, `action`, `data`, `type`, `status`, `name`, `icon`, `remark`, `listorder` ) VALUES  ('117','115','Admin','Route','index','','1','0','路由列表','','','0');
INSERT INTO yxt_menu ( `id`, `parentid`, `app`, `model`, `action`, `data`, `type`, `status`, `name`, `icon`, `remark`, `listorder` ) VALUES  ('118','115','Admin','Route','add','','1','0','路由添加','','','0');
INSERT INTO yxt_menu ( `id`, `parentid`, `app`, `model`, `action`, `data`, `type`, `status`, `name`, `icon`, `remark`, `listorder` ) VALUES  ('119','118','Admin','Route','add_post','','1','0','路由添加提交','','','0');
INSERT INTO yxt_menu ( `id`, `parentid`, `app`, `model`, `action`, `data`, `type`, `status`, `name`, `icon`, `remark`, `listorder` ) VALUES  ('120','115','Admin','Route','edit','','1','0','路由编辑','','','0');
INSERT INTO yxt_menu ( `id`, `parentid`, `app`, `model`, `action`, `data`, `type`, `status`, `name`, `icon`, `remark`, `listorder` ) VALUES  ('121','120','Admin','Route','edit_post','','1','0','路由编辑提交','','','0');
INSERT INTO yxt_menu ( `id`, `parentid`, `app`, `model`, `action`, `data`, `type`, `status`, `name`, `icon`, `remark`, `listorder` ) VALUES  ('122','115','Admin','Route','delete','','1','0','路由删除','','','0');
INSERT INTO yxt_menu ( `id`, `parentid`, `app`, `model`, `action`, `data`, `type`, `status`, `name`, `icon`, `remark`, `listorder` ) VALUES  ('123','115','Admin','Route','ban','','1','0','路由禁止','','','0');
INSERT INTO yxt_menu ( `id`, `parentid`, `app`, `model`, `action`, `data`, `type`, `status`, `name`, `icon`, `remark`, `listorder` ) VALUES  ('124','115','Admin','Route','open','','1','0','路由启用','','','0');
INSERT INTO yxt_menu ( `id`, `parentid`, `app`, `model`, `action`, `data`, `type`, `status`, `name`, `icon`, `remark`, `listorder` ) VALUES  ('125','115','Admin','Route','listorders','','1','0','路由排序','','','0');
INSERT INTO yxt_menu ( `id`, `parentid`, `app`, `model`, `action`, `data`, `type`, `status`, `name`, `icon`, `remark`, `listorder` ) VALUES  ('126','109','Admin','Mailer','default','','1','0','邮箱配置','','','0');
INSERT INTO yxt_menu ( `id`, `parentid`, `app`, `model`, `action`, `data`, `type`, `status`, `name`, `icon`, `remark`, `listorder` ) VALUES  ('127','126','Admin','Mailer','index','','1','1','SMTP配置','','','0');
INSERT INTO yxt_menu ( `id`, `parentid`, `app`, `model`, `action`, `data`, `type`, `status`, `name`, `icon`, `remark`, `listorder` ) VALUES  ('128','127','Admin','Mailer','index_post','','1','0','提交配置','','','0');
INSERT INTO yxt_menu ( `id`, `parentid`, `app`, `model`, `action`, `data`, `type`, `status`, `name`, `icon`, `remark`, `listorder` ) VALUES  ('129','126','Admin','Mailer','active','','1','1','邮件模板','','','0');
INSERT INTO yxt_menu ( `id`, `parentid`, `app`, `model`, `action`, `data`, `type`, `status`, `name`, `icon`, `remark`, `listorder` ) VALUES  ('130','129','Admin','Mailer','active_post','','1','0','提交模板','','','0');
INSERT INTO yxt_menu ( `id`, `parentid`, `app`, `model`, `action`, `data`, `type`, `status`, `name`, `icon`, `remark`, `listorder` ) VALUES  ('131','109','Admin','Setting','clearcache','','1','1','清除缓存','','','1');
INSERT INTO yxt_menu ( `id`, `parentid`, `app`, `model`, `action`, `data`, `type`, `status`, `name`, `icon`, `remark`, `listorder` ) VALUES  ('132','0','User','Indexadmin','default','','1','1','会员系统','group','','10');
INSERT INTO yxt_menu ( `id`, `parentid`, `app`, `model`, `action`, `data`, `type`, `status`, `name`, `icon`, `remark`, `listorder` ) VALUES  ('133','132','User','Indexadmin','default1','','1','1','用户组','','','0');
INSERT INTO yxt_menu ( `id`, `parentid`, `app`, `model`, `action`, `data`, `type`, `status`, `name`, `icon`, `remark`, `listorder` ) VALUES  ('134','133','User','Indexadmin','index','','1','1','本站用户','leaf','','0');
INSERT INTO yxt_menu ( `id`, `parentid`, `app`, `model`, `action`, `data`, `type`, `status`, `name`, `icon`, `remark`, `listorder` ) VALUES  ('135','134','User','Indexadmin','ban','','1','0','拉黑会员','','','0');
INSERT INTO yxt_menu ( `id`, `parentid`, `app`, `model`, `action`, `data`, `type`, `status`, `name`, `icon`, `remark`, `listorder` ) VALUES  ('136','134','User','Indexadmin','cancelban','','1','0','启用会员','','','0');
INSERT INTO yxt_menu ( `id`, `parentid`, `app`, `model`, `action`, `data`, `type`, `status`, `name`, `icon`, `remark`, `listorder` ) VALUES  ('137','133','User','Oauthadmin','index','','1','0','第三方用户','leaf','','0');
INSERT INTO yxt_menu ( `id`, `parentid`, `app`, `model`, `action`, `data`, `type`, `status`, `name`, `icon`, `remark`, `listorder` ) VALUES  ('138','137','User','Oauthadmin','delete','','1','0','第三方用户解绑','','','0');
INSERT INTO yxt_menu ( `id`, `parentid`, `app`, `model`, `action`, `data`, `type`, `status`, `name`, `icon`, `remark`, `listorder` ) VALUES  ('139','132','User','Indexadmin','default3','','1','1','管理组','','','0');
INSERT INTO yxt_menu ( `id`, `parentid`, `app`, `model`, `action`, `data`, `type`, `status`, `name`, `icon`, `remark`, `listorder` ) VALUES  ('140','139','Admin','Rbac','index','','1','1','角色管理','','','0');
INSERT INTO yxt_menu ( `id`, `parentid`, `app`, `model`, `action`, `data`, `type`, `status`, `name`, `icon`, `remark`, `listorder` ) VALUES  ('141','140','Admin','Rbac','member','','1','0','成员管理','','','1000');
INSERT INTO yxt_menu ( `id`, `parentid`, `app`, `model`, `action`, `data`, `type`, `status`, `name`, `icon`, `remark`, `listorder` ) VALUES  ('142','140','Admin','Rbac','authorize','','1','0','权限设置','','','1000');
INSERT INTO yxt_menu ( `id`, `parentid`, `app`, `model`, `action`, `data`, `type`, `status`, `name`, `icon`, `remark`, `listorder` ) VALUES  ('143','142','Admin','Rbac','authorize_post','','1','0','提交设置','','','0');
INSERT INTO yxt_menu ( `id`, `parentid`, `app`, `model`, `action`, `data`, `type`, `status`, `name`, `icon`, `remark`, `listorder` ) VALUES  ('144','140','Admin','Rbac','roleedit','','1','0','编辑角色','','','1000');
INSERT INTO yxt_menu ( `id`, `parentid`, `app`, `model`, `action`, `data`, `type`, `status`, `name`, `icon`, `remark`, `listorder` ) VALUES  ('145','144','Admin','Rbac','roleedit_post','','1','0','提交编辑','','','0');
INSERT INTO yxt_menu ( `id`, `parentid`, `app`, `model`, `action`, `data`, `type`, `status`, `name`, `icon`, `remark`, `listorder` ) VALUES  ('146','140','Admin','Rbac','roledelete','','1','1','删除角色','','','1000');
INSERT INTO yxt_menu ( `id`, `parentid`, `app`, `model`, `action`, `data`, `type`, `status`, `name`, `icon`, `remark`, `listorder` ) VALUES  ('147','140','Admin','Rbac','roleadd','','1','1','添加角色','','','1000');
INSERT INTO yxt_menu ( `id`, `parentid`, `app`, `model`, `action`, `data`, `type`, `status`, `name`, `icon`, `remark`, `listorder` ) VALUES  ('148','147','Admin','Rbac','roleadd_post','','1','0','提交添加','','','0');
INSERT INTO yxt_menu ( `id`, `parentid`, `app`, `model`, `action`, `data`, `type`, `status`, `name`, `icon`, `remark`, `listorder` ) VALUES  ('149','139','Admin','User','index','','1','1','管理员','','','0');
INSERT INTO yxt_menu ( `id`, `parentid`, `app`, `model`, `action`, `data`, `type`, `status`, `name`, `icon`, `remark`, `listorder` ) VALUES  ('150','149','Admin','User','delete','','1','0','删除管理员','','','1000');
INSERT INTO yxt_menu ( `id`, `parentid`, `app`, `model`, `action`, `data`, `type`, `status`, `name`, `icon`, `remark`, `listorder` ) VALUES  ('151','149','Admin','User','edit','','1','0','管理员编辑','','','1000');
INSERT INTO yxt_menu ( `id`, `parentid`, `app`, `model`, `action`, `data`, `type`, `status`, `name`, `icon`, `remark`, `listorder` ) VALUES  ('152','151','Admin','User','edit_post','','1','0','编辑提交','','','0');
INSERT INTO yxt_menu ( `id`, `parentid`, `app`, `model`, `action`, `data`, `type`, `status`, `name`, `icon`, `remark`, `listorder` ) VALUES  ('153','149','Admin','User','add','','1','0','管理员添加','','','1000');
INSERT INTO yxt_menu ( `id`, `parentid`, `app`, `model`, `action`, `data`, `type`, `status`, `name`, `icon`, `remark`, `listorder` ) VALUES  ('154','153','Admin','User','add_post','','1','0','添加提交','','','0');
INSERT INTO yxt_menu ( `id`, `parentid`, `app`, `model`, `action`, `data`, `type`, `status`, `name`, `icon`, `remark`, `listorder` ) VALUES  ('155','47','Admin','Plugin','update','','1','0','插件更新','','','0');
INSERT INTO yxt_menu ( `id`, `parentid`, `app`, `model`, `action`, `data`, `type`, `status`, `name`, `icon`, `remark`, `listorder` ) VALUES  ('158','0','Admin','Course','index','','0','1','课程系统','','','0');
INSERT INTO yxt_menu ( `id`, `parentid`, `app`, `model`, `action`, `data`, `type`, `status`, `name`, `icon`, `remark`, `listorder` ) VALUES  ('159','158','Course','AdminCoursetype','index','','1','1','分类管理','','','0');
INSERT INTO yxt_menu ( `id`, `parentid`, `app`, `model`, `action`, `data`, `type`, `status`, `name`, `icon`, `remark`, `listorder` ) VALUES  ('160','158','Course','AdminCourse','index','','1','1','课程管理','','','2');
INSERT INTO yxt_menu ( `id`, `parentid`, `app`, `model`, `action`, `data`, `type`, `status`, `name`, `icon`, `remark`, `listorder` ) VALUES  ('161','158','Course','AdminSection','index','','1','1','课时管理','','','3');
INSERT INTO yxt_menu ( `id`, `parentid`, `app`, `model`, `action`, `data`, `type`, `status`, `name`, `icon`, `remark`, `listorder` ) VALUES  ('165','158','Card','AdminCard','index','','1','1','点卡系统','','','4');
INSERT INTO yxt_menu ( `id`, `parentid`, `app`, `model`, `action`, `data`, `type`, `status`, `name`, `icon`, `remark`, `listorder` ) VALUES  ('166','158','Course','AdminLabel','index','','1','1','标签管理','','','1');
INSERT INTO yxt_menu ( `id`, `parentid`, `app`, `model`, `action`, `data`, `type`, `status`, `name`, `icon`, `remark`, `listorder` ) VALUES  ('167','0','Admin','AdminOrder','index','','1','1','订单管理','','','0');
INSERT INTO yxt_menu ( `id`, `parentid`, `app`, `model`, `action`, `data`, `type`, `status`, `name`, `icon`, `remark`, `listorder` ) VALUES  ('168','167','Course','AdminOrder','index','','1','1','订单列表','','','0');
DROP TABLE IF EXISTS `yxt_nav`;
CREATE TABLE `yxt_nav` (
  `id` int(11) NOT NULL AUTO_INCREMENT,
  `cid` int(11) NOT NULL,
  `parentid` int(11) NOT NULL,
  `label` varchar(255) NOT NULL,
  `target` varchar(50) DEFAULT NULL,
  `href` varchar(255) NOT NULL,
  `icon` varchar(255) NOT NULL,
  `status` int(2) NOT NULL DEFAULT '1',
  `listorder` int(6) DEFAULT '0',
  `path` varchar(255) NOT NULL DEFAULT '0',
  PRIMARY KEY (`id`)
) COLLATE='utf8_general_ci' ENGINE=MyISAM;
INSERT INTO yxt_nav ( `id`, `cid`, `parentid`, `label`, `target`, `href`, `icon`, `status`, `listorder`, `path` ) VALUES  ('5','2','0','我是新手','','on','','1','0','0-5');
INSERT INTO yxt_nav ( `id`, `cid`, `parentid`, `label`, `target`, `href`, `icon`, `status`, `listorder`, `path` ) VALUES  ('4','1','0','关于我们','','a:2:{s:6:\"action\";s:17:\"Portal/Page/index\";s:5:\"param\";a:1:{s:2:\"id\";s:1:\"2\";}}','','1','2','0-4');
INSERT INTO yxt_nav ( `id`, `cid`, `parentid`, `label`, `target`, `href`, `icon`, `status`, `listorder`, `path` ) VALUES  ('8','2','5','如何学习','','a:2:{s:6:\"action\";s:17:\"Portal/Page/index\";s:5:\"param\";a:1:{s:2:\"id\";s:2:\"15\";}}','','1','0','0-5-8');
INSERT INTO yxt_nav ( `id`, `cid`, `parentid`, `label`, `target`, `href`, `icon`, `status`, `listorder`, `path` ) VALUES  ('7','2','5','如何注册','','a:2:{s:6:\"action\";s:17:\"Portal/Page/index\";s:5:\"param\";a:1:{s:2:\"id\";s:1:\"2\";}}','','1','0','0-5-7');
INSERT INTO yxt_nav ( `id`, `cid`, `parentid`, `label`, `target`, `href`, `icon`, `status`, `listorder`, `path` ) VALUES  ('9','2','5','我是会员','','a:2:{s:6:\"action\";s:17:\"Portal/Page/index\";s:5:\"param\";a:1:{s:2:\"id\";s:1:\"2\";}}','','1','0','0-5-9');
INSERT INTO yxt_nav ( `id`, `cid`, `parentid`, `label`, `target`, `href`, `icon`, `status`, `listorder`, `path` ) VALUES  ('10','2','0','我是学生','','a:2:{s:6:\"action\";s:17:\"Portal/Page/index\";s:5:\"param\";a:1:{s:2:\"id\";s:1:\"2\";}}','','1','0','0-10');
INSERT INTO yxt_nav ( `id`, `cid`, `parentid`, `label`, `target`, `href`, `icon`, `status`, `listorder`, `path` ) VALUES  ('11','2','10','如何提问','','a:2:{s:6:\"action\";s:17:\"Portal/Page/index\";s:5:\"param\";a:1:{s:2:\"id\";s:1:\"2\";}}','','1','0','0-10-11');
INSERT INTO yxt_nav ( `id`, `cid`, `parentid`, `label`, `target`, `href`, `icon`, `status`, `listorder`, `path` ) VALUES  ('12','2','10','如何做笔记','','a:2:{s:6:\"action\";s:17:\"Portal/Page/index\";s:5:\"param\";a:1:{s:2:\"id\";s:1:\"2\";}}','','1','0','0-10-12');
INSERT INTO yxt_nav ( `id`, `cid`, `parentid`, `label`, `target`, `href`, `icon`, `status`, `listorder`, `path` ) VALUES  ('13','2','10','如何支付课程','','a:2:{s:6:\"action\";s:17:\"Portal/Page/index\";s:5:\"param\";a:1:{s:2:\"id\";s:1:\"2\";}}','','1','0','0-10-13');
INSERT INTO yxt_nav ( `id`, `cid`, `parentid`, `label`, `target`, `href`, `icon`, `status`, `listorder`, `path` ) VALUES  ('14','2','0','账户管理','','a:2:{s:6:\"action\";s:17:\"Portal/Page/index\";s:5:\"param\";a:1:{s:2:\"id\";s:1:\"2\";}}','','1','0','0-14');
INSERT INTO yxt_nav ( `id`, `cid`, `parentid`, `label`, `target`, `href`, `icon`, `status`, `listorder`, `path` ) VALUES  ('15','2','14','系统设置','','a:2:{s:6:\"action\";s:17:\"Portal/Page/index\";s:5:\"param\";a:1:{s:2:\"id\";s:1:\"2\";}}','','1','0','0-14-15');
INSERT INTO yxt_nav ( `id`, `cid`, `parentid`, `label`, `target`, `href`, `icon`, `status`, `listorder`, `path` ) VALUES  ('16','2','14','课程设置','','a:2:{s:6:\"action\";s:17:\"Portal/Page/index\";s:5:\"param\";a:1:{s:2:\"id\";s:1:\"2\";}}','','1','0','0-14-16');
INSERT INTO yxt_nav ( `id`, `cid`, `parentid`, `label`, `target`, `href`, `icon`, `status`, `listorder`, `path` ) VALUES  ('17','2','14','用户管理','','a:2:{s:6:\"action\";s:17:\"Portal/Page/index\";s:5:\"param\";a:1:{s:2:\"id\";s:1:\"2\";}}','','1','0','0-14-17');
INSERT INTO yxt_nav ( `id`, `cid`, `parentid`, `label`, `target`, `href`, `icon`, `status`, `listorder`, `path` ) VALUES  ('18','2','0','加盟网上学院','','a:2:{s:6:\"action\";s:17:\"Portal/Page/index\";s:5:\"param\";a:1:{s:2:\"id\";s:1:\"2\";}}','','1','0','0-18');
INSERT INTO yxt_nav ( `id`, `cid`, `parentid`, `label`, `target`, `href`, `icon`, `status`, `listorder`, `path` ) VALUES  ('19','2','18','招商加盟','','a:2:{s:6:\"action\";s:17:\"Portal/Page/index\";s:5:\"param\";a:1:{s:2:\"id\";s:1:\"2\";}}','','1','0','0-18-19');
INSERT INTO yxt_nav ( `id`, `cid`, `parentid`, `label`, `target`, `href`, `icon`, `status`, `listorder`, `path` ) VALUES  ('20','2','18','学习卡代理','','a:2:{s:6:\"action\";s:17:\"Portal/Page/index\";s:5:\"param\";a:1:{s:2:\"id\";s:1:\"2\";}}','','1','0','0-18-20');
INSERT INTO yxt_nav ( `id`, `cid`, `parentid`, `label`, `target`, `href`, `icon`, `status`, `listorder`, `path` ) VALUES  ('21','2','18','入驻专家团队','','a:2:{s:6:\"action\";s:17:\"Portal/Page/index\";s:5:\"param\";a:1:{s:2:\"id\";s:1:\"2\";}}','','1','0','0-18-21');
INSERT INTO yxt_nav ( `id`, `cid`, `parentid`, `label`, `target`, `href`, `icon`, `status`, `listorder`, `path` ) VALUES  ('22','2','0','关于我们','','a:2:{s:6:\"action\";s:17:\"Portal/Page/index\";s:5:\"param\";a:1:{s:2:\"id\";s:1:\"2\";}}','','1','0','0-22');
INSERT INTO yxt_nav ( `id`, `cid`, `parentid`, `label`, `target`, `href`, `icon`, `status`, `listorder`, `path` ) VALUES  ('23','2','22','关于我们','','a:2:{s:6:\"action\";s:17:\"Portal/Page/index\";s:5:\"param\";a:1:{s:2:\"id\";s:1:\"2\";}}','','1','0','0-22-23');
INSERT INTO yxt_nav ( `id`, `cid`, `parentid`, `label`, `target`, `href`, `icon`, `status`, `listorder`, `path` ) VALUES  ('24','2','22','官方微博','','home','','1','0','0-22-24');
INSERT INTO yxt_nav ( `id`, `cid`, `parentid`, `label`, `target`, `href`, `icon`, `status`, `listorder`, `path` ) VALUES  ('25','2','22','加入我们','','home','','1','0','0-22-25');
DROP TABLE IF EXISTS `yxt_nav_cat`;
CREATE TABLE `yxt_nav_cat` (
  `navcid` int(11) NOT NULL AUTO_INCREMENT,
  `name` varchar(255) NOT NULL,
  `active` int(1) NOT NULL DEFAULT '1',
  `remark` text,
  PRIMARY KEY (`navcid`)
) COLLATE='utf8_general_ci' ENGINE=MyISAM;
INSERT INTO yxt_nav_cat ( `navcid`, `name`, `active`, `remark` ) VALUES  ('1','主导航','1','主导航');
INSERT INTO yxt_nav_cat ( `navcid`, `name`, `active`, `remark` ) VALUES  ('2','底部导航','0','底部导航');
DROP TABLE IF EXISTS `yxt_oauth_user`;
CREATE TABLE `yxt_oauth_user` (
  `id` int(20) NOT NULL AUTO_INCREMENT,
  `from` varchar(20) NOT NULL COMMENT '用户来源key',
  `name` varchar(30) NOT NULL COMMENT '第三方昵称',
  `head_img` varchar(200) NOT NULL COMMENT '头像',
  `uid` int(20) NOT NULL COMMENT '关联的本站用户id',
  `create_time` datetime NOT NULL COMMENT '绑定时间',
  `last_login_time` datetime NOT NULL COMMENT '最后登录时间',
  `last_login_ip` varchar(16) NOT NULL COMMENT '最后登录ip',
  `login_times` int(6) NOT NULL COMMENT '登录次数',
  `status` tinyint(2) NOT NULL,
  `access_token` varchar(60) NOT NULL,
  `expires_date` int(12) NOT NULL COMMENT 'access_token过期时间',
  `openid` varchar(40) NOT NULL COMMENT '第三方用户id',
  PRIMARY KEY (`id`)
) COLLATE='utf8_general_ci' ENGINE=MyISAM;
DROP TABLE IF EXISTS `yxt_options`;
CREATE TABLE `yxt_options` (
  `option_id` bigint(20) unsigned NOT NULL AUTO_INCREMENT,
  `option_name` varchar(64) NOT NULL DEFAULT '',
  `option_value` longtext NOT NULL,
  `autoload` int(2) NOT NULL DEFAULT '1',
  PRIMARY KEY (`option_id`),
  UNIQUE KEY `option_name` (`option_name`)
) COLLATE='utf8_general_ci' ENGINE=MyISAM;
INSERT INTO yxt_options ( `option_id`, `option_name`, `option_value`, `autoload` ) VALUES  ('1','site_options','{\"site_name\":\"\\u745e\\u601d\\u5b66\\u5802\",\"site_host\":\"http:\\/\\/www.ruisi365.com\\/\",\"site_admin_url_password\":\"\",\"site_tpl\":\"simplebootx\",\"site_adminstyle\":\"bluesky\",\"site_icp\":\"\\u9c81ICP\\u590712014157\\u53f7-1\",\"site_admin_email\":\"zhuimeng5767@163.com\",\"site_tongji\":\"\",\"site_copyright\":\"\\u745e\\u601d\\u5b66\\u5802\",\"site_seo_title\":\"\\u7f51\\u7edc\\u8bfe\\u5802\\uff0c\\u5728\\u7ebf\\u5b66\\u4e60\",\"site_seo_keywords\":\"\\u745e\\u601d\\u5b66\\u5802\\uff0c\\u7f51\\u7edc\\u8bfe\\u5802\\uff0c\\u5fae\\u8bfe\\uff0c\\u7ffb\\u8f6c\\u8bfe\\u5802\",\"site_seo_description\":\"\\u745e\\u601d\\u5b66\\u5802\\uff0c\\u5728\\u5bb6\\u4e5f\\u80fd\\u4e0a\\u540d\\u6821\\u3002\",\"urlmode\":\"0\",\"html_suffix\":\"\",\"seller_email\":\"woodpecker@yeah.net\",\"key\":\"zwuiq1llmk47pppxh4001kk1pywdkvag\",\"partner\":\"2088102640358452\",\"notify_url\":\"http:\\/\\/www.ruisi365.com\\/index.php?g=course&m=Course&a=notifyurl\",\"return_url\":\"http:\\/\\/www.ruisi365.com\\/index.php?g=course&m=Course&a=returnurl\",\"successpage\":\"http:\\/\\/www.ruisi365.com\\/index.php?g=user&m=center&a=order\",\"errorpage\":\"http:\\/\\/www.ruisi365.com\\/index.php?g=user&m=center&a=order\",\"APPID\":\"10045993\",\"SECRET_ID\":\"AKID4yYcaTUsQbIEXwFjUgpYjc6R9Kn6LpHZ\",\"SECRET_KEY\":\"vlIiOvSrRNcRMo4m0LooVIVctoGAxZBe\",\"DOMAIN\":\"ruisi365\",\"comment_time_interval\":0}','1');
INSERT INTO yxt_options ( `option_id`, `option_name`, `option_value`, `autoload` ) VALUES  ('2','cmf_settings','{\"banned_usernames\":\"\"}','1');
DROP TABLE IF EXISTS `yxt_order`;
CREATE TABLE `yxt_order` (
  `id` int(8) NOT NULL AUTO_INCREMENT,
  `user_id` int(8) DEFAULT NULL,
  `course_id` int(8) DEFAULT NULL,
  `order` varchar(30) DEFAULT NULL,
  `state` int(2) DEFAULT NULL,
  `addtime` datetime DEFAULT NULL,
  `total` int(5) DEFAULT NULL,
  `alipayorder` varchar(30) DEFAULT NULL,
  PRIMARY KEY (`id`)
) COLLATE='utf8_general_ci' ENGINE=MyISAM;
INSERT INTO yxt_order ( `id`, `user_id`, `course_id`, `order`, `state`, `addtime`, `total`, `alipayorder` ) VALUES  ('9','2','1','20160627090614435','1','2016-06-27 09:14:14','1','2016062721001004720294543719');
DROP TABLE IF EXISTS `yxt_plugins`;
CREATE TABLE `yxt_plugins` (
  `id` int(11) unsigned NOT NULL AUTO_INCREMENT COMMENT '自增id',
  `name` varchar(50) NOT NULL COMMENT '插件名，英文',
  `title` varchar(50) NOT NULL DEFAULT '' COMMENT '插件名称',
  `description` text COMMENT '插件描述',
  `type` tinyint(2) DEFAULT '0' COMMENT '插件类型, 1:网站；8;微信',
  `status` tinyint(1) NOT NULL DEFAULT '1' COMMENT '状态；1开启；',
  `config` text COMMENT '插件配置',
  `hooks` varchar(255) DEFAULT NULL COMMENT '实现的钩子;以“，”分隔',
  `has_admin` tinyint(2) DEFAULT '0' COMMENT '插件是否有后台管理界面',
  `author` varchar(50) DEFAULT '' COMMENT '插件作者',
  `version` varchar(20) DEFAULT '' COMMENT '插件版本号',
  `createtime` int(11) unsigned NOT NULL DEFAULT '0' COMMENT '插件安装时间',
  `listorder` smallint(6) NOT NULL DEFAULT '0',
  PRIMARY KEY (`id`)
) COLLATE='utf8_general_ci' ENGINE=MyISAM;
DROP TABLE IF EXISTS `yxt_posts`;
CREATE TABLE `yxt_posts` (
  `id` bigint(20) unsigned NOT NULL AUTO_INCREMENT,
  `post_author` bigint(20) unsigned DEFAULT '0' COMMENT '发表者id',
  `post_keywords` varchar(150) NOT NULL COMMENT 'seo keywords',
  `post_date` datetime DEFAULT '0000-00-00 00:00:00' COMMENT 'post创建日期，永久不变，一般不显示给用户',
  `post_content` longtext COMMENT 'post内容',
  `post_title` text COMMENT 'post标题',
  `post_excerpt` text COMMENT 'post摘要',
  `post_status` int(2) DEFAULT '1' COMMENT 'post状态，1已审核，0未审核',
  `comment_status` int(2) DEFAULT '1' COMMENT '评论状态，1允许，0不允许',
  `post_modified` datetime DEFAULT '0000-00-00 00:00:00' COMMENT 'post更新时间，可在前台修改，显示给用户',
  `post_content_filtered` longtext,
  `post_parent` bigint(20) DEFAULT '0' COMMENT 'post的父级post id,表示post层级关系',
  `post_type` int(2) DEFAULT NULL,
  `post_mime_type` varchar(100) DEFAULT '',
  `comment_count` bigint(20) DEFAULT '0',
  `smeta` text COMMENT 'post的扩展字段，保存相关扩展属性，如缩略图；格式为json',
  `post_hits` int(11) DEFAULT '0' COMMENT 'post点击数，查看数',
  `post_like` int(11) DEFAULT '0' COMMENT 'post赞数',
  `istop` tinyint(1) NOT NULL DEFAULT '0' COMMENT '置顶 1置顶； 0不置顶',
  `recommended` tinyint(1) NOT NULL DEFAULT '0' COMMENT '推荐 1推荐 0不推荐',
  PRIMARY KEY (`id`),
  KEY `type_status_date` (`post_type`,`post_status`,`post_date`,`id`),
  KEY `post_parent` (`post_parent`),
  KEY `post_author` (`post_author`),
  KEY `post_date` (`post_date`) USING BTREE
) COLLATE='utf8_general_ci' ENGINE=MyISAM;
DROP TABLE IF EXISTS `yxt_role`;
CREATE TABLE `yxt_role` (
  `id` smallint(6) unsigned NOT NULL AUTO_INCREMENT,
  `name` varchar(20) NOT NULL DEFAULT '角色名称',
  `pid` smallint(6) DEFAULT NULL COMMENT '父角色ID',
  `status` tinyint(1) unsigned DEFAULT NULL COMMENT '状态',
  `remark` varchar(255) DEFAULT NULL COMMENT '备注',
  `create_time` int(11) unsigned NOT NULL DEFAULT '0' COMMENT '创建时间',
  `update_time` int(11) unsigned NOT NULL DEFAULT '0' COMMENT '更新时间',
  `listorder` int(3) NOT NULL DEFAULT '0' COMMENT '排序字段',
  PRIMARY KEY (`id`),
  KEY `parentId` (`pid`),
  KEY `status` (`status`)
) COLLATE='utf8_general_ci' ENGINE=MyISAM;
INSERT INTO yxt_role ( `id`, `name`, `pid`, `status`, `remark`, `create_time`, `update_time`, `listorder` ) VALUES  ('1','超级管理员','0','1','拥有网站最高管理员权限！','1329633709','1329633709','0');
INSERT INTO yxt_role ( `id`, `name`, `pid`, `status`, `remark`, `create_time`, `update_time`, `listorder` ) VALUES  ('2','课程管理员','0','1','','1425135402','1456298242','0');
DROP TABLE IF EXISTS `yxt_role_user`;
CREATE TABLE `yxt_role_user` (
  `role_id` mediumint(9) unsigned DEFAULT NULL,
  `user_id` char(32) DEFAULT NULL,
  KEY `group_id` (`role_id`),
  KEY `user_id` (`user_id`)
) COLLATE='utf8_general_ci' ENGINE=MyISAM;
DROP TABLE IF EXISTS `yxt_route`;
CREATE TABLE `yxt_route` (
  `id` int(11) NOT NULL AUTO_INCREMENT COMMENT '路由id',
  `full_url` varchar(255) DEFAULT NULL COMMENT '完整url， 如：portal/list/index?id=1',
  `url` varchar(255) DEFAULT NULL COMMENT '实际显示的url',
  `listorder` int(5) DEFAULT '0' COMMENT '排序，优先级，越小优先级越高',
  `status` tinyint(1) DEFAULT '1' COMMENT '状态，1：启用 ;0：不启用',
  PRIMARY KEY (`id`)
) COLLATE='utf8_general_ci' ENGINE=MyISAM;
DROP TABLE IF EXISTS `yxt_section`;
CREATE TABLE `yxt_section` (
  `id` int(10) NOT NULL AUTO_INCREMENT,
  `cs_id` int(6) DEFAULT NULL,
  `sc_name` varchar(50) DEFAULT NULL,
  `is_free` int(2) NOT NULL DEFAULT '0',
  `sc_time` varchar(16) DEFAULT NULL,
  `playtimes` int(2) DEFAULT NULL,
  `yun_url` varchar(300) DEFAULT NULL,
  `addtime` datetime DEFAULT NULL,
  `state` int(2) DEFAULT NULL,
  `listorder` int(10) DEFAULT NULL,
  `type_id` int(2) NOT NULL,
  `zhang_id` int(2) NOT NULL DEFAULT '0',
  PRIMARY KEY (`id`)
) COLLATE='utf8_general_ci' ENGINE=MyISAM;
INSERT INTO yxt_section ( `id`, `cs_id`, `sc_name`, `is_free`, `sc_time`, `playtimes`, `yun_url`, `addtime`, `state`, `listorder`, `type_id`, `zhang_id` ) VALUES  ('1','1','第一章 集合与集合的运算','0','','','','2016-06-26 21:01:32','1','','1','0');
INSERT INTO yxt_section ( `id`, `cs_id`, `sc_name`, `is_free`, `sc_time`, `playtimes`, `yun_url`, `addtime`, `state`, `listorder`, `type_id`, `zhang_id` ) VALUES  ('2','1','第一节 集合的含义及其表示','1','22:32','','http://ruisi365-10045993.cos.myqcloud.com/2016/06/shuxue_tongbu_gaoyi_jiexi_1.mp4','2016-06-26 21:19:50','1','','0','1');
DROP TABLE IF EXISTS `yxt_slide`;
CREATE TABLE `yxt_slide` (
  `slide_id` bigint(20) unsigned NOT NULL AUTO_INCREMENT,
  `slide_cid` bigint(20) NOT NULL,
  `slide_name` varchar(255) NOT NULL,
  `slide_pic` varchar(255) DEFAULT NULL,
  `slide_url` varchar(255) DEFAULT NULL,
  `slide_des` varchar(255) DEFAULT NULL,
  `slide_content` text,
  `slide_status` int(2) NOT NULL DEFAULT '1',
  `listorder` int(10) DEFAULT '0',
  PRIMARY KEY (`slide_id`),
  KEY `slide_cid` (`slide_cid`)
) COLLATE='utf8_general_ci' ENGINE=MyISAM;
INSERT INTO yxt_slide ( `slide_id`, `slide_cid`, `slide_name`, `slide_pic`, `slide_url`, `slide_des`, `slide_content`, `slide_status`, `listorder` ) VALUES  ('1','1','2016暑假新课程','/data/upload/20160626/576fdd9fc28cb.png','http://www.ruisi365.com','2016暑假新课程','2016暑假新课程','1','0');
INSERT INTO yxt_slide ( `slide_id`, `slide_cid`, `slide_name`, `slide_pic`, `slide_url`, `slide_des`, `slide_content`, `slide_status`, `listorder` ) VALUES  ('2','1','2016初升高','/data/upload/20160626/576fddda6ea05.png','http://www.ruisi365.com','2016初升高','2016初升高','1','0');
INSERT INTO yxt_slide ( `slide_id`, `slide_cid`, `slide_name`, `slide_pic`, `slide_url`, `slide_des`, `slide_content`, `slide_status`, `listorder` ) VALUES  ('3','2','中部图片','/data/upload/20160626/576fdefe00000.jpg','http://www.ruisi365.com','中部图片','中部图片','1','0');
DROP TABLE IF EXISTS `yxt_slide_cat`;
CREATE TABLE `yxt_slide_cat` (
  `cid` bigint(20) NOT NULL AUTO_INCREMENT,
  `cat_name` varchar(255) NOT NULL,
  `cat_idname` varchar(255) NOT NULL,
  `cat_remark` text,
  `cat_status` int(2) NOT NULL DEFAULT '1',
  PRIMARY KEY (`cid`),
  KEY `cat_idname` (`cat_idname`)
) COLLATE='utf8_general_ci' ENGINE=MyISAM;
INSERT INTO yxt_slide_cat ( `cid`, `cat_name`, `cat_idname`, `cat_remark`, `cat_status` ) VALUES  ('1','首页nav幻灯片','nav1_','首页nav幻灯片','1');
INSERT INTO yxt_slide_cat ( `cid`, `cat_name`, `cat_idname`, `cat_remark`, `cat_status` ) VALUES  ('2','首页中部幻灯片','nav2_','首页中部幻灯片','1');
DROP TABLE IF EXISTS `yxt_term_relationships`;
CREATE TABLE `yxt_term_relationships` (
  `tid` bigint(20) NOT NULL AUTO_INCREMENT,
  `object_id` bigint(20) unsigned NOT NULL DEFAULT '0' COMMENT 'posts表里文章id',
  `term_id` bigint(20) unsigned NOT NULL DEFAULT '0' COMMENT '分类id',
  `listorder` int(10) NOT NULL DEFAULT '0' COMMENT '排序',
  `status` int(2) NOT NULL DEFAULT '1' COMMENT '状态，1发布，0不发布',
  PRIMARY KEY (`tid`),
  KEY `term_taxonomy_id` (`term_id`)
) COLLATE='utf8_general_ci' ENGINE=MyISAM;
DROP TABLE IF EXISTS `yxt_terms`;
CREATE TABLE `yxt_terms` (
  `term_id` bigint(20) unsigned NOT NULL AUTO_INCREMENT COMMENT '分类id',
  `name` varchar(200) DEFAULT NULL COMMENT '分类名称',
  `slug` varchar(200) DEFAULT '',
  `taxonomy` varchar(32) DEFAULT NULL COMMENT '分类类型',
  `description` longtext COMMENT '分类描述',
  `parent` bigint(20) unsigned DEFAULT '0' COMMENT '分类父id',
  `count` bigint(20) DEFAULT '0' COMMENT '分类文章数',
  `path` varchar(500) DEFAULT NULL COMMENT '分类层级关系路径',
  `seo_title` varchar(500) DEFAULT NULL,
  `seo_keywords` varchar(500) DEFAULT NULL,
  `seo_description` varchar(500) DEFAULT NULL,
  `list_tpl` varchar(50) DEFAULT NULL COMMENT '分类列表模板',
  `one_tpl` varchar(50) DEFAULT NULL COMMENT '分类文章页模板',
  `listorder` int(5) NOT NULL DEFAULT '0' COMMENT '排序',
  `status` int(2) NOT NULL DEFAULT '1' COMMENT '状态，1发布，0不发布',
  PRIMARY KEY (`term_id`)
) COLLATE='utf8_general_ci' ENGINE=MyISAM;
DROP TABLE IF EXISTS `yxt_user_favorites`;
CREATE TABLE `yxt_user_favorites` (
  `id` int(11) NOT NULL AUTO_INCREMENT,
  `uid` bigint(20) DEFAULT NULL,
  `title` varchar(255) DEFAULT NULL COMMENT '收藏内容的标题',
  `url` varchar(255) DEFAULT NULL COMMENT '收藏内容的原文地址，不带域名',
  `description` varchar(500) DEFAULT NULL COMMENT '收藏内容的描述',
  `table` varchar(50) DEFAULT NULL COMMENT '收藏实体以前所在表，不带前缀',
  `object_id` int(11) DEFAULT NULL COMMENT '收藏内容原来的主键id',
  `createtime` int(11) DEFAULT NULL,
  PRIMARY KEY (`id`),
  KEY `uid` (`uid`)
) COLLATE='utf8_general_ci' ENGINE=MyISAM;
DROP TABLE IF EXISTS `yxt_usercourse`;
CREATE TABLE `yxt_usercourse` (
  `id` int(8) NOT NULL AUTO_INCREMENT,
  `user_id` int(8) DEFAULT NULL,
  `course_id` int(8) DEFAULT NULL,
  `course_price` int(6) DEFAULT NULL,
  `state` int(2) DEFAULT NULL,
  `studied` varchar(1000) DEFAULT NULL,
  `pinglun` text,
  `pingluntime` datetime DEFAULT NULL,
  `addtime` datetime DEFAULT NULL,
  PRIMARY KEY (`id`)
) COLLATE='utf8_general_ci' ENGINE=MyISAM;
INSERT INTO yxt_usercourse ( `id`, `user_id`, `course_id`, `course_price`, `state`, `studied`, `pinglun`, `pingluntime`, `addtime` ) VALUES  ('8','2','1','1','1','2|','讲的不错，收获很大！','2016-06-27 10:29:19','2016-06-27 09:15:06');
DROP TABLE IF EXISTS `yxt_users`;
CREATE TABLE `yxt_users` (
  `id` bigint(20) unsigned NOT NULL AUTO_INCREMENT,
  `user_login` varchar(60) NOT NULL DEFAULT '' COMMENT '用户名',
  `user_pass` varchar(64) NOT NULL DEFAULT '' COMMENT '登录密码；sp_password加密',
  `user_nicename` varchar(50) NOT NULL DEFAULT '' COMMENT '用户美名',
  `user_email` varchar(100) NOT NULL DEFAULT '' COMMENT '登录邮箱',
  `user_url` varchar(100) NOT NULL DEFAULT '' COMMENT '用户个人网站',
  `avatar` varchar(255) DEFAULT NULL COMMENT '用户头像，相对于upload/avatar目录',
  `sex` varchar(7) DEFAULT '0' COMMENT '性别；0：保密，1：男；2：女',
  `birthday` date DEFAULT NULL COMMENT '生日',
  `signature` varchar(255) DEFAULT NULL COMMENT '个性签名',
  `last_login_ip` varchar(16) DEFAULT NULL COMMENT '最后登录ip',
  `last_login_time` datetime NOT NULL DEFAULT '2000-01-01 00:00:00' COMMENT '最后登录时间',
  `create_time` datetime NOT NULL DEFAULT '2000-01-01 00:00:00' COMMENT '注册时间',
  `user_activation_key` varchar(60) NOT NULL DEFAULT '' COMMENT '激活码',
  `user_status` int(11) NOT NULL DEFAULT '1' COMMENT '用户状态 0：禁用； 1：正常 ；2：未验证',
  `score` int(11) NOT NULL DEFAULT '0' COMMENT '用户积分',
  `user_type` smallint(1) DEFAULT '1' COMMENT '用户类型，1:admin ;2:会员',
  `coin` int(11) NOT NULL DEFAULT '0' COMMENT '金币',
  `mobile` varchar(20) NOT NULL DEFAULT '' COMMENT '手机号',
  `prov` varchar(20) DEFAULT '' COMMENT '省',
  `city` varchar(20) DEFAULT '' COMMENT '市',
  `dist` varchar(20) DEFAULT '' COMMENT '县',
  `weiixn` varchar(40) DEFAULT '' COMMENT '微信',
  `qq` int(15) DEFAULT NULL COMMENT 'QQ',
  PRIMARY KEY (`id`),
  KEY `user_login_key` (`user_login`),
  KEY `user_nicename` (`user_nicename`)
) COLLATE='utf8_general_ci' ENGINE=MyISAM;
INSERT INTO yxt_users ( `id`, `user_login`, `user_pass`, `user_nicename`, `user_email`, `user_url`, `avatar`, `sex`, `birthday`, `signature`, `last_login_ip`, `last_login_time`, `create_time`, `user_activation_key`, `user_status`, `score`, `user_type`, `coin`, `mobile`, `prov`, `city`, `dist`, `weiixn`, `qq` ) VALUES  ('1','admin','###78cfa4df7818bc3139d616de09247305','admin','zhuimeng5767@163.com','','','0','','','222.132.80.27','2016-06-27 07:33:52','2016-06-26 08:57:34','','1','0','1','0','','','','','','');
INSERT INTO yxt_users ( `id`, `user_login`, `user_pass`, `user_nicename`, `user_email`, `user_url`, `avatar`, `sex`, `birthday`, `signature`, `last_login_ip`, `last_login_time`, `create_time`, `user_activation_key`, `user_status`, `score`, `user_type`, `coin`, `mobile`, `prov`, `city`, `dist`, `weiixn`, `qq` ) VALUES  ('2','','###a930f5424ed1c4d65cbc278ed07f55fc','王建明','','','5770cf257a120.jpg','1','1981-07-25','我就是我，不一样 的烟火！','222.132.80.27','2016-06-27 13:58:58','2016-06-26 21:53:08','','1','0','2','0','15853789278','山东','济宁','邹城市','378146005','378146005');
